,experiment,node_id,label,label_2,loss,count,std,mean,var,hop,min,max,outliers,window
0,rnd__2019-05-01_13:41_,aaaa::212:7406:6:606,Normal,Normal,32.0,17,892.1284899873217,983.3529411764706,795893.2426470588,2,321,10130,1,25
1,rnd__2019-05-01_13:41_,aaaa::212:7406:6:606,Normal,Normal,52.0,12,673.3976266934445,1016.0,453464.36363636365,2,321,10130,1,25
2,rnd__2019-05-01_13:41_,aaaa::212:7406:6:606,Normal,Normal,72.0,7,935.3426924827886,1484.5714285714287,874865.9523809524,2,321,10130,0,25
3,rnd__2019-05-01_13:41_,aaaa::212:7406:6:606,Normal,Normal,72.0,7,3016.7920836859935,3746.1428571428573,9101034.47619048,2,321,10130,1,25
4,rnd__2019-05-01_13:41_,aaaa::212:7403:3:303,Normal,Normal,28.000000000000004,18,608.6586237468733,494.44444444444446,370465.3202614379,1,119,5930,1,25
5,rnd__2019-05-01_13:41_,aaaa::212:7403:3:303,Normal,Normal,84.0,4,391.3549113869234,823.0,153158.66666666666,1,119,5930,0,25
6,rnd__2019-05-01_13:41_,aaaa::212:7403:3:303,Normal,Normal,88.0,3,476.3989924422595,730.0,226956.0,1,119,5930,0,25
7,rnd__2019-05-01_13:41_,aaaa::212:7403:3:303,Normal,Normal,96.0,1,0.0,978.0,0.0,1,119,5930,0,25
8,rnd__2019-05-01_13:41_,aaaa::212:7407:7:707,Normal,Normal,96.0,1,0.0,728.0,0.0,3,728,12960,0,25
9,rnd__2019-05-01_13:41_,aaaa::212:7407:7:707,Normal,Normal,80.0,5,721.1863836762311,1310.4,520109.80000000005,3,728,12960,0,25
10,rnd__2019-05-01_13:41_,aaaa::212:7407:7:707,Normal,Normal,84.0,4,970.7129252942568,3307.75,942283.5833333334,3,728,12960,0,25
11,rnd__2019-05-01_13:41_,aaaa::212:7407:7:707,Normal,Normal,92.0,2,3546.8476144317224,10452.0,12580128.0,3,728,12960,0,25
12,rnd__2019-05-01_13:41_,aaaa::212:7409:9:909,Normal,Normal,80.0,5,1174.033347056207,1234.4,1378354.3000000003,3,636,11190,0,25
13,rnd__2019-05-01_13:41_,aaaa::212:7409:9:909,Normal,Normal,92.0,2,27.577164466275352,959.5,760.5,3,636,11190,0,25
14,rnd__2019-05-01_13:41_,aaaa::212:7409:9:909,Normal,Normal,92.0,2,1412.0922420295353,2330.5,1994004.5,3,636,11190,0,25
15,rnd__2019-05-01_13:41_,aaaa::212:7409:9:909,Normal,Normal,96.0,1,0.0,4312.0,0.0,3,636,11190,0,25
16,rnd__2019-05-01_13:41_,aaaa::212:7408:8:808,Normal,Normal,40.0,15,507.9186099029196,1155.2,257981.31428571427,4,667,14670,1,25
17,rnd__2019-05-01_13:41_,aaaa::212:7408:8:808,Normal,Normal,84.0,4,1346.1008815587832,2790.25,1811987.5833333333,4,667,14670,0,25
18,rnd__2019-05-01_13:41_,aaaa::212:7408:8:808,Normal,Normal,100.0,0,0.0,0.0,0.0,4,667,14670,0,25
19,rnd__2019-05-01_13:41_,aaaa::212:7408:8:808,Normal,Normal,96.0,1,0.0,1900.0,0.0,4,667,14670,0,25
20,rnd__2019-05-01_13:41_,aaaa::212:7405:5:505,Normal,Normal,44.0,14,541.3282047655796,1084.0714285714287,293036.2252747253,3,467,6286,1,25
21,rnd__2019-05-01_13:41_,aaaa::212:7405:5:505,Normal,Normal,76.0,6,1140.1406346002525,2888.6666666666665,1299920.6666666665,3,467,6286,0,25
22,rnd__2019-05-01_13:41_,aaaa::212:7405:5:505,Normal,Normal,80.0,5,692.0503594392535,2177.8,478933.69999999995,3,467,6286,0,25
23,rnd__2019-05-01_13:41_,aaaa::212:7405:5:505,Normal,Normal,80.0,5,1024.7849530511266,3694.2,1050184.2,3,467,6286,0,25
24,rnd__2019-05-01_13:41_,aaaa::212:7402:2:202,Normal,Normal,80.0,5,243.89239430535756,626.0,59483.5,2,289,17980,0,25
25,rnd__2019-05-01_13:41_,aaaa::212:7402:2:202,Normal,Normal,80.0,5,612.3016413500784,1673.6,374913.30000000005,2,289,17980,0,25
26,rnd__2019-05-01_13:41_,aaaa::212:7402:2:202,Normal,Normal,80.0,5,504.8700822984067,2727.6,254893.8,2,289,17980,0,25
27,rnd__2019-05-01_13:41_,aaaa::212:7402:2:202,Normal,Normal,92.0,2,6625.59053971795,13295.0,43898450.0,2,289,17980,0,25
28,rnd__2019-05-01_13:41_,aaaa::212:7404:4:404,Normal,Normal,60.0,10,2150.5461967705887,1775.5,4624848.944444444,2,300,13805,1,25
29,rnd__2019-05-01_13:41_,aaaa::212:7404:4:404,Normal,Normal,92.0,2,2128.391411371508,2455.0,4530050.0,2,300,13805,0,25
30,rnd__2019-05-01_13:41_,aaaa::212:7404:4:404,Normal,Normal,80.0,5,1295.946063692467,1696.8,1679476.2000000002,2,300,13805,0,25
31,rnd__2019-05-01_13:41_,aaaa::212:7404:4:404,Normal,Normal,68.0,8,3401.7857075365578,2902.0,11572146.0,2,300,13805,1,25
32,rnd__2019-05-01_13:41_,aaaa::212:740a:a:a0a,Normal,Normal,60.0,10,472.61240873350846,1668.6,223362.48888888888,4,999,9732,0,25
33,rnd__2019-05-01_13:41_,aaaa::212:740a:a:a0a,Normal,Normal,80.0,5,400.69402291524136,3331.8,160555.69999999998,4,999,9732,0,25
34,rnd__2019-05-01_13:41_,aaaa::212:740a:a:a0a,Normal,Normal,88.0,3,1379.932003155711,2388.3333333333335,1904212.3333333335,4,999,9732,0,25
35,rnd__2019-05-01_13:41_,aaaa::212:740a:a:a0a,Normal,Normal,92.0,2,154.14927829866735,1607.0,23762.0,4,999,9732,0,25
36,normal__2019-05-01_13:43_,aaaa::212:7403:3:303,Normal,Normal,28.000000000000004,18,487.4470375118562,644.5555555555555,237604.61437908493,1,148,5629,2,25
37,normal__2019-05-01_13:43_,aaaa::212:7403:3:303,Normal,Normal,60.0,10,429.92733236107597,580.8,184837.5111111111,1,148,5629,0,25
38,normal__2019-05-01_13:43_,aaaa::212:7403:3:303,Normal,Normal,68.0,8,637.868870872824,1187.125,406876.6964285714,1,148,5629,0,25
39,normal__2019-05-01_13:43_,aaaa::212:7403:3:303,Normal,Normal,68.0,8,1431.5016528606793,1498.875,2049196.982142857,1,148,5629,0,25
40,normal__2019-05-01_13:43_,aaaa::212:7407:7:707,Normal,Normal,52.0,12,740.7048240450688,1326.0,548643.6363636364,3,764,11771,1,25
41,normal__2019-05-01_13:43_,aaaa::212:7407:7:707,Normal,Normal,60.0,10,1217.0934593895774,2259.4,1481316.4888888889,3,764,11771,0,25
42,normal__2019-05-01_13:43_,aaaa::212:7407:7:707,Normal,Normal,68.0,8,2318.692269208166,6557.875,5376333.839285715,3,764,11771,0,25
43,normal__2019-05-01_13:43_,aaaa::212:7407:7:707,Normal,Normal,72.0,7,2231.0541497345193,5264.571428571428,4977602.6190476185,3,764,11771,0,25
44,normal__2019-05-01_13:43_,aaaa::212:7408:8:808,Normal,Normal,48.0,13,832.5488512655517,1637.6153846153845,693137.5897435897,4,886,13769,1,25
45,normal__2019-05-01_13:43_,aaaa::212:7408:8:808,Normal,Normal,64.0,9,1941.2195264832878,2864.0,3768333.25,4,886,13769,1,25
46,normal__2019-05-01_13:43_,aaaa::212:7408:8:808,Normal,Normal,72.0,7,4139.565269330539,4606.571428571428,17136000.619047623,4,886,13769,1,25
47,normal__2019-05-01_13:43_,aaaa::212:7408:8:808,Normal,Normal,76.0,6,3034.0578383851994,4737.166666666667,9205506.966666669,4,886,13769,0,25
48,normal__2019-05-01_13:43_,aaaa::212:7405:5:505,Normal,Normal,56.00000000000001,11,630.2866447462254,1309.6363636363637,397261.2545454546,3,674,8924,1,25
49,normal__2019-05-01_13:43_,aaaa::212:7405:5:505,Normal,Normal,52.0,12,1314.0350388529728,2001.5833333333333,1726688.0833333335,3,674,8924,1,25
50,normal__2019-05-01_13:43_,aaaa::212:7405:5:505,Normal,Normal,88.0,3,1764.813115696201,3063.6666666666665,3114565.333333333,3,674,8924,0,25
51,normal__2019-05-01_13:43_,aaaa::212:7405:5:505,Normal,Normal,80.0,5,1726.6845977189928,2900.8,2981439.7,3,674,8924,0,25
52,normal__2019-05-01_13:43_,aaaa::212:7409:9:909,Normal,Normal,68.0,8,780.5754173318919,1218.375,609297.9821428572,3,601,5693,1,25
53,normal__2019-05-01_13:43_,aaaa::212:7409:9:909,Normal,Normal,72.0,7,795.7938235019229,1739.857142857143,633287.8095238096,3,601,5693,0,25
54,normal__2019-05-01_13:43_,aaaa::212:7409:9:909,Normal,Normal,100.0,0,0.0,0.0,0.0,3,601,5693,0,25
55,normal__2019-05-01_13:43_,aaaa::212:7409:9:909,Normal,Normal,96.0,1,0.0,5693.0,0.0,3,601,5693,0,25
56,normal__2019-05-01_13:43_,aaaa::212:7404:4:404,Normal,Normal,64.0,9,230.58566737765815,705.6666666666666,53169.75,2,284,6708,0,25
57,normal__2019-05-01_13:43_,aaaa::212:7404:4:404,Normal,Normal,52.0,12,667.4584710722163,969.0833333333334,445500.81060606055,2,284,6708,1,25
58,normal__2019-05-01_13:43_,aaaa::212:7404:4:404,Normal,Normal,92.0,2,440.5275246792191,1840.5,194064.5,2,284,6708,0,25
59,normal__2019-05-01_13:43_,aaaa::212:7404:4:404,Normal,Normal,96.0,1,0.0,1741.0,0.0,2,284,6708,0,25
60,normal__2019-05-01_13:43_,aaaa::212:7402:2:202,Normal,Normal,40.0,15,471.1312626717385,1062.3333333333333,221964.6666666667,4,557,7717,0,25
61,normal__2019-05-01_13:43_,aaaa::212:7402:2:202,Normal,Normal,64.0,9,714.5049762675633,1521.888888888889,510517.3611111112,4,557,7717,1,25
62,normal__2019-05-01_13:43_,aaaa::212:7402:2:202,Normal,Normal,88.0,3,1474.463066113673,1940.3333333333333,2174041.3333333335,4,557,7717,0,25
63,normal__2019-05-01_13:43_,aaaa::212:7402:2:202,Normal,Normal,100.0,0,0.0,0.0,0.0,4,557,7717,0,25
64,normal__2019-05-01_13:43_,aaaa::212:7406:6:606,Normal,Normal,32.0,17,835.4838242528907,1060.7058823529412,698033.2205882352,2,361,11150,1,25
65,normal__2019-05-01_13:43_,aaaa::212:7406:6:606,Normal,Normal,56.00000000000001,11,1619.6700281230126,1317.0,2623331.0,2,361,11150,1,25
66,normal__2019-05-01_13:43_,aaaa::212:7406:6:606,Normal,Normal,100.0,0,0.0,0.0,0.0,2,361,11150,0,25
67,normal__2019-05-01_13:43_,aaaa::212:7406:6:606,Normal,Normal,96.0,1,0.0,1610.0,0.0,2,361,11150,0,25
68,normal__2019-05-01_13:43_,aaaa::212:740a:a:a0a,Normal,Normal,56.00000000000001,11,372.96031960518263,1604.0,139099.4,4,851,12233,1,25
69,normal__2019-05-01_13:43_,aaaa::212:740a:a:a0a,Normal,Normal,68.0,8,383.9783987599898,1941.375,147439.4107142857,4,851,12233,1,25
70,normal__2019-05-01_13:43_,aaaa::212:740a:a:a0a,Normal,Normal,92.0,2,1773.4238072158612,5891.0,3145032.0,4,851,12233,0,25
71,normal__2019-05-01_13:43_,aaaa::212:740a:a:a0a,Normal,Normal,88.0,3,1341.4046120888856,2272.6666666666665,1799366.3333333335,4,851,12233,0,25
72,rnd__2019-05-01_01:07_,aaaa::212:7408:8:808,Normal,Normal,80.0,5,2264.8770827574726,2608.2,5129668.2,2,445,7519,0,25
73,rnd__2019-05-01_01:07_,aaaa::212:7408:8:808,Normal,Normal,60.0,10,1431.7600862031475,1390.5,2049936.9444444445,2,445,7519,1,25
74,rnd__2019-05-01_01:07_,aaaa::212:7408:8:808,Normal,Normal,68.0,8,896.604537367825,1443.625,803899.6964285715,2,445,7519,0,25
75,rnd__2019-05-01_01:07_,aaaa::212:7408:8:808,Normal,Normal,92.0,2,1501.1876964590404,1630.5,2253564.5,2,445,7519,0,25
76,rnd__2019-05-01_01:07_,aaaa::212:7405:5:505,Normal,Normal,64.0,9,1352.1501395924936,2426.0,1828310.0,2,600,7148,0,25
77,rnd__2019-05-01_01:07_,aaaa::212:7405:5:505,Normal,Normal,80.0,5,1413.6114034627763,2260.8,1998297.1999999997,2,600,7148,0,25
78,rnd__2019-05-01_01:07_,aaaa::212:7405:5:505,Normal,Normal,88.0,3,1577.254682457254,2234.3333333333335,2487732.333333333,2,600,7148,0,25
79,rnd__2019-05-01_01:07_,aaaa::212:7405:5:505,Normal,Normal,96.0,1,0.0,2669.0,0.0,2,600,7148,0,25
80,rnd__2019-05-01_01:07_,aaaa::212:740a:a:a0a,Normal,Normal,96.0,1,0.0,1170.0,0.0,2,460,5075,0,25
81,rnd__2019-05-01_01:07_,aaaa::212:740a:a:a0a,Normal,Normal,88.0,3,170.20379940921805,2979.6666666666665,28969.333333333336,2,460,5075,0,25
82,rnd__2019-05-01_01:07_,aaaa::212:740a:a:a0a,Normal,Normal,84.0,4,643.927208619111,2051.25,414642.25,2,460,5075,0,25
83,rnd__2019-05-01_01:07_,aaaa::212:740a:a:a0a,Normal,Normal,100.0,0,0.0,0.0,0.0,2,460,5075,0,25
84,rnd__2019-05-01_01:07_,aaaa::212:7404:4:404,Normal,Normal,84.0,4,4398.606322840603,3404.25,19347737.583333332,2,401,9943,0,25
85,rnd__2019-05-01_01:07_,aaaa::212:7404:4:404,Normal,Normal,48.0,13,625.2394925761831,1125.6153846153845,390924.423076923,2,401,9943,1,25
86,rnd__2019-05-01_01:07_,aaaa::212:7404:4:404,Normal,Normal,68.0,8,871.0307420357955,1260.625,758694.5535714285,2,401,9943,1,25
87,rnd__2019-05-01_01:07_,aaaa::212:7404:4:404,Normal,Normal,72.0,7,708.2122361471676,1212.7142857142858,501564.5714285714,2,401,9943,0,25
88,rnd__2019-05-01_01:07_,aaaa::212:7402:2:202,Normal,Normal,88.0,3,331.5976477600527,2991.0,109957.0,2,652,4950,0,25
89,rnd__2019-05-01_01:07_,aaaa::212:7402:2:202,Normal,Normal,72.0,7,798.157759796777,2548.1428571428573,637055.8095238096,2,652,4950,0,25
90,rnd__2019-05-01_01:07_,aaaa::212:7402:2:202,Normal,Normal,76.0,6,775.3546285410309,1942.0,601174.8,2,652,4950,0,25
91,rnd__2019-05-01_01:07_,aaaa::212:7402:2:202,Normal,Normal,100.0,0,0.0,0.0,0.0,2,652,4950,0,25
92,rnd__2019-05-01_01:07_,aaaa::212:7407:7:707,Normal,Normal,76.0,6,1018.5655436282275,869.8333333333334,1037475.7666666666,1,140,4390,0,25
93,rnd__2019-05-01_01:07_,aaaa::212:7407:7:707,Normal,Normal,68.0,8,1064.3545914912809,1186.125,1132850.6964285714,1,140,4390,0,25
94,rnd__2019-05-01_01:07_,aaaa::212:7407:7:707,Normal,Normal,52.0,12,526.6999893562546,632.8333333333334,277412.8787878787,1,140,4390,1,25
95,rnd__2019-05-01_01:07_,aaaa::212:7407:7:707,Normal,Normal,12.0,22,508.7625680505108,556.2727272727273,258839.35064935067,1,140,4390,2,25
96,rnd__2019-05-01_01:07_,aaaa::212:7403:3:303,Normal,Normal,100.0,0,0.0,0.0,0.0,3,1640,9086,0,25
97,rnd__2019-05-01_01:07_,aaaa::212:7403:3:303,Normal,Normal,96.0,1,0.0,3465.0,0.0,3,1640,9086,0,25
98,rnd__2019-05-01_01:07_,aaaa::212:7403:3:303,Normal,Normal,96.0,1,0.0,4007.0,0.0,3,1640,9086,0,25
99,rnd__2019-05-01_01:07_,aaaa::212:7403:3:303,Normal,Normal,100.0,0,0.0,0.0,0.0,3,1640,9086,0,25
100,rnd__2019-05-01_01:07_,aaaa::212:7409:9:909,Normal,Normal,80.0,5,1574.4135416084303,1687.0,2478778.0,1,280,4653,0,25
101,rnd__2019-05-01_01:07_,aaaa::212:7409:9:909,Normal,Normal,76.0,6,752.3134984831788,895.0,565975.6,1,280,4653,0,25
102,rnd__2019-05-01_01:07_,aaaa::212:7409:9:909,Normal,Normal,88.0,3,507.2911721421272,890.3333333333334,257344.33333333334,1,280,4653,0,25
103,rnd__2019-05-01_01:07_,aaaa::212:7409:9:909,Normal,Normal,84.0,4,668.9471204811334,1057.25,447490.25,1,280,4653,0,25
104,rnd__2019-05-01_01:07_,aaaa::212:7406:6:606,Normal,Normal,60.0,10,1165.3041996739641,2569.1,1357933.8777777778,2,499,7977,0,25
105,rnd__2019-05-01_01:07_,aaaa::212:7406:6:606,Normal,Normal,72.0,7,1055.3089369378772,2360.4285714285716,1113676.9523809524,2,499,7977,0,25
106,rnd__2019-05-01_01:07_,aaaa::212:7406:6:606,Normal,Normal,84.0,4,1587.4048790400009,2852.75,2519854.25,2,499,7977,0,25
107,rnd__2019-05-01_01:07_,aaaa::212:7406:6:606,Normal,Normal,100.0,0,0.0,0.0,0.0,2,499,7977,0,25
108,normal_2019-05-03_12:56_,aaaa::212:7403:3:303,Normal,Normal,68.0,8,768.5025211409524,1505.125,590596.125,1,283,6672,0,25
109,normal_2019-05-03_12:56_,aaaa::212:7403:3:303,Normal,Normal,80.0,5,1939.8461794688774,3570.8,3763003.2,1,283,6672,0,25
110,normal_2019-05-03_12:56_,aaaa::212:7403:3:303,Normal,Normal,80.0,5,1549.6340858409123,1815.4,2401365.8,1,283,6672,0,25
111,normal_2019-05-03_12:56_,aaaa::212:7403:3:303,Normal,Normal,96.0,1,0.0,2752.0,0.0,1,283,6672,0,25
112,normal_2019-05-03_12:56_,aaaa::212:7407:7:707,Normal,Normal,100.0,0,0.0,0.0,0.0,3,906,6594,0,25
113,normal_2019-05-03_12:56_,aaaa::212:7407:7:707,Normal,Normal,100.0,0,0.0,0.0,0.0,3,906,6594,0,25
114,normal_2019-05-03_12:56_,aaaa::212:7407:7:707,Normal,Normal,100.0,0,0.0,0.0,0.0,3,906,6594,0,25
115,normal_2019-05-03_12:56_,aaaa::212:7407:7:707,Normal,Normal,100.0,0,0.0,0.0,0.0,3,906,6594,0,25
116,normal_2019-05-03_12:56_,aaaa::212:7402:2:202,Normal,Normal,88.0,3,1029.1366932207468,1414.6666666666667,1059122.3333333335,2,756,2659,0,25
117,normal_2019-05-03_12:56_,aaaa::212:7402:2:202,Normal,Normal,84.0,4,259.44427789668697,2372.0,67311.33333333333,2,756,2659,0,25
118,normal_2019-05-03_12:56_,aaaa::212:7402:2:202,Normal,Normal,96.0,1,0.0,970.0,0.0,2,756,2659,0,25
119,normal_2019-05-03_12:56_,aaaa::212:7402:2:202,Normal,Normal,100.0,0,0.0,0.0,0.0,2,756,2659,0,25
120,normal_2019-05-03_12:56_,aaaa::212:7409:9:909,Normal,Normal,100.0,0,0.0,0.0,0.0,3,1227,5799,0,25
121,normal_2019-05-03_12:56_,aaaa::212:7409:9:909,Normal,Normal,96.0,1,0.0,3900.0,0.0,3,1227,5799,0,25
122,normal_2019-05-03_12:56_,aaaa::212:7409:9:909,Normal,Normal,100.0,0,0.0,0.0,0.0,3,1227,5799,0,25
123,normal_2019-05-03_12:56_,aaaa::212:7409:9:909,Normal,Normal,96.0,1,0.0,5799.0,0.0,3,1227,5799,0,25
124,normal_2019-05-03_12:56_,aaaa::212:7408:8:808,Normal,Normal,96.0,1,0.0,8051.0,0.0,4,2145,15160,0,25
125,normal_2019-05-03_12:56_,aaaa::212:7408:8:808,Normal,Normal,92.0,2,8024.247752904941,9486.0,64388552.0,4,2145,15160,0,25
126,normal_2019-05-03_12:56_,aaaa::212:7408:8:808,Normal,Normal,80.0,5,1632.733995481199,5194.4,2665820.3,4,2145,15160,0,25
127,normal_2019-05-03_12:56_,aaaa::212:7408:8:808,Normal,Normal,100.0,0,0.0,0.0,0.0,4,2145,15160,0,25
128,normal_2019-05-03_12:56_,aaaa::212:7406:6:606,Normal,Normal,96.0,1,0.0,7339.0,0.0,2,661,10372,0,25
129,normal_2019-05-03_12:56_,aaaa::212:7406:6:606,Normal,Normal,92.0,2,1551.3922779232853,3944.0,2406818.0,2,661,10372,0,25
130,normal_2019-05-03_12:56_,aaaa::212:7406:6:606,Normal,Normal,76.0,6,3249.717736460609,4850.833333333333,10560665.366666665,2,661,10372,0,25
131,normal_2019-05-03_12:56_,aaaa::212:7406:6:606,Normal,Normal,96.0,1,0.0,5913.0,0.0,2,661,10372,0,25
132,normal_2019-05-03_12:56_,aaaa::212:740a:a:a0a,Normal,Normal,96.0,1,0.0,5841.0,0.0,4,1721,8781,0,25
133,normal_2019-05-03_12:56_,aaaa::212:740a:a:a0a,Normal,Normal,100.0,0,0.0,0.0,0.0,4,1721,8781,0,25
134,normal_2019-05-03_12:56_,aaaa::212:740a:a:a0a,Normal,Normal,96.0,1,0.0,8781.0,0.0,4,1721,8781,0,25
135,normal_2019-05-03_12:56_,aaaa::212:740a:a:a0a,Normal,Normal,100.0,0,0.0,0.0,0.0,4,1721,8781,0,25
136,normal_2019-05-03_12:56_,aaaa::212:7405:5:505,Normal,Normal,96.0,1,0.0,6247.0,0.0,3,2349,12996,0,25
137,normal_2019-05-03_12:56_,aaaa::212:7405:5:505,Normal,Normal,84.0,4,4590.130090749063,6477.25,21069294.25,3,2349,12996,0,25
138,normal_2019-05-03_12:56_,aaaa::212:7405:5:505,Normal,Normal,100.0,0,0.0,0.0,0.0,3,2349,12996,0,25
139,normal_2019-05-03_12:56_,aaaa::212:7405:5:505,Normal,Normal,100.0,0,0.0,0.0,0.0,3,2349,12996,0,25
140,normal_2019-05-03_12:56_,aaaa::212:7404:4:404,Normal,Normal,92.0,2,1192.1820330805192,2997.0,1421298.0,2,854,4910,0,25
141,normal_2019-05-03_12:56_,aaaa::212:7404:4:404,Normal,Normal,80.0,5,1517.4911861358537,2379.0,2302779.5,2,854,4910,0,25
142,normal_2019-05-03_12:56_,aaaa::212:7404:4:404,Normal,Normal,88.0,3,1952.550212755957,2735.3333333333335,3812452.3333333335,2,854,4910,0,25
143,normal_2019-05-03_12:56_,aaaa::212:7404:4:404,Normal,Normal,92.0,2,1038.0327547818517,3621.0,1077512.0,2,854,4910,0,25
144,1bh-5_2019-05-03_00:32_,aaaa::212:7402:2:202,Attacked,GH,28.000000000000004,18,915.5642997234572,1576.888888888889,838257.9869281045,2,273,5474,1,25
145,1bh-5_2019-05-03_00:32_,aaaa::212:7402:2:202,Attacked,GH,36.0,16,1241.521846699982,1276.3125,1541376.4958333333,2,273,5474,1,25
146,1bh-5_2019-05-03_00:32_,aaaa::212:7402:2:202,Attacked,GH,60.0,10,941.720228565198,1182.9,886836.9888888889,2,273,5474,1,25
147,1bh-5_2019-05-03_00:32_,aaaa::212:7402:2:202,Attacked,GH,52.0,12,630.944145825536,1149.8333333333333,398090.5151515152,2,273,5474,1,25
148,1bh-5_2019-05-03_00:32_,aaaa::212:7403:3:303,Attacked,GH,20.0,20,681.0860116484245,874.45,463878.15526315785,1,135,3501,1,25
149,1bh-5_2019-05-03_00:32_,aaaa::212:7403:3:303,Attacked,GH,44.0,14,300.5067149237862,512.8571428571429,90304.28571428571,1,135,3501,1,25
150,1bh-5_2019-05-03_00:32_,aaaa::212:7403:3:303,Attacked,GH,24.0,19,364.20323996362254,666.0,132644.0,1,135,3501,1,25
151,1bh-5_2019-05-03_00:32_,aaaa::212:7403:3:303,Attacked,GH,20.0,20,817.9921036165003,733.85,669111.0815789474,1,135,3501,1,25
152,1bh-5_2019-05-03_00:32_,aaaa::212:7405:5:505,Attacked,GH,40.0,15,1331.73421844279,1899.2,1773516.0285714287,3,545,7500,0,25
153,1bh-5_2019-05-03_00:32_,aaaa::212:7405:5:505,Attacked,GH,44.0,14,959.4329827307628,2088.4285714285716,920511.6483516482,3,545,7500,1,25
154,1bh-5_2019-05-03_00:32_,aaaa::212:7405:5:505,Attacked,GH,44.0,14,1737.4512357770782,2535.214285714286,3018736.7967032962,3,545,7500,1,25
155,1bh-5_2019-05-03_00:32_,aaaa::212:7405:5:505,Attacked,GH,36.0,16,1557.9291329625148,2215.875,2427143.183333333,3,545,7500,1,25
156,1bh-5_2019-05-03_00:32_,aaaa::212:7404:4:404,Attacked,GH,40.0,15,637.2698239924974,1197.4,406112.8285714286,2,401,3832,1,25
157,1bh-5_2019-05-03_00:32_,aaaa::212:7404:4:404,Attacked,GH,28.000000000000004,18,549.7550405181961,1068.388888888889,302230.6045751634,2,401,3832,1,25
158,1bh-5_2019-05-03_00:32_,aaaa::212:7404:4:404,Attacked,GH,48.0,13,566.1247484161338,1298.3076923076924,320497.23076923075,2,401,3832,0,25
159,1bh-5_2019-05-03_00:32_,aaaa::212:7404:4:404,Attacked,GH,24.0,19,572.588719855066,1039.2105263157894,327857.84210526315,2,401,3832,2,25
160,1bh-5_2019-05-03_00:32_,aaaa::212:7408:8:808,Attacked,GH,88.0,3,1756.010914924316,1855.3333333333333,3083574.3333333335,4,679,4333,0,25
161,1bh-5_2019-05-03_00:32_,aaaa::212:7408:8:808,Attacked,GH,68.0,8,934.1010575490671,1609.75,872544.7857142857,4,679,4333,0,25
162,1bh-5_2019-05-03_00:32_,aaaa::212:7408:8:808,Attacked,GH,60.0,10,1488.2406615418981,2128.6,2214860.2666666666,4,679,4333,0,25
163,1bh-5_2019-05-03_00:32_,aaaa::212:7408:8:808,Attacked,GH,76.0,6,1345.1281971123296,1653.6666666666667,1809369.8666666665,4,679,4333,0,25
164,1bh-5_2019-05-03_00:32_,aaaa::212:7409:9:909,Attacked,GH,28.000000000000004,18,1117.0375210929183,1889.6666666666667,1247772.8235294116,3,558,6391,0,25
165,1bh-5_2019-05-03_00:32_,aaaa::212:7409:9:909,Attacked,GH,40.0,15,1122.397731050213,1482.6666666666667,1259776.6666666665,3,558,6391,1,25
166,1bh-5_2019-05-03_00:32_,aaaa::212:7409:9:909,Attacked,GH,44.0,14,1132.8549779644795,1709.642857142857,1283360.4010989012,3,558,6391,1,25
167,1bh-5_2019-05-03_00:32_,aaaa::212:7409:9:909,Attacked,GH,28.000000000000004,18,858.3805469596178,1386.111111111111,736817.1633986927,3,558,6391,1,25
168,1bh-5_2019-05-03_00:32_,aaaa::212:740a:a:a0a,Attacked,GH,60.0,10,1055.237019188896,2277.5,1113525.1666666667,4,871,6237,0,25
169,1bh-5_2019-05-03_00:32_,aaaa::212:740a:a:a0a,Attacked,GH,68.0,8,1677.3931251881806,2199.625,2813647.6964285714,4,871,6237,1,25
170,1bh-5_2019-05-03_00:32_,aaaa::212:740a:a:a0a,Attacked,GH,72.0,7,781.8599314333434,2805.4285714285716,611304.9523809524,4,871,6237,0,25
171,1bh-5_2019-05-03_00:32_,aaaa::212:740a:a:a0a,Attacked,GH,64.0,9,431.2363041303457,2203.6666666666665,185964.75,4,871,6237,1,25
172,1bh-5_2019-05-03_00:32_,aaaa::212:7407:7:707,Attacked,GH,52.0,12,766.8514533566142,1356.3333333333333,588061.1515151515,3,407,3719,0,25
173,1bh-5_2019-05-03_00:32_,aaaa::212:7407:7:707,Attacked,GH,48.0,13,578.3830023746353,1337.3076923076924,334526.8974358974,3,407,3719,0,25
174,1bh-5_2019-05-03_00:32_,aaaa::212:7407:7:707,Attacked,GH,80.0,5,742.7406680665871,1232.8,551663.7000000001,3,407,3719,0,25
175,1bh-5_2019-05-03_00:32_,aaaa::212:7407:7:707,Attacked,GH,72.0,7,508.84172859731615,1190.7142857142858,258919.90476190476,3,407,3719,0,25
176,1bh-5_2019-05-03_00:32_,aaaa::212:7406:6:606,Attacked,GH,40.0,15,763.3143769740211,1315.5333333333333,582648.8380952381,2,260,4877,1,25
177,1bh-5_2019-05-03_00:32_,aaaa::212:7406:6:606,Attacked,GH,24.0,19,709.7171580597756,1014.0,503698.44444444444,2,260,4877,1,25
178,1bh-5_2019-05-03_00:32_,aaaa::212:7406:6:606,Attacked,GH,44.0,14,693.1640783829176,1267.857142857143,480476.43956043955,2,260,4877,1,25
179,1bh-5_2019-05-03_00:32_,aaaa::212:7406:6:606,Attacked,GH,32.0,17,745.1040935964032,1149.1176470588234,555180.1102941177,2,260,4877,1,25
180,1bh-5_2019-05-03_00:48_,aaaa::212:7406:6:606,Attacked,GH,56.00000000000001,11,417.7839371993833,724.7272727272727,174543.4181818182,2,309,3990,1,25
181,1bh-5_2019-05-03_00:48_,aaaa::212:7406:6:606,Attacked,GH,24.0,19,538.8568526077581,990.4736842105264,290366.70760233916,2,309,3990,0,25
182,1bh-5_2019-05-03_00:48_,aaaa::212:7406:6:606,Attacked,GH,24.0,19,967.3092873067753,1537.578947368421,935687.2573099416,2,309,3990,0,25
183,1bh-5_2019-05-03_00:48_,aaaa::212:7406:6:606,Attacked,GH,32.0,17,977.7362284138504,1239.5882352941176,955968.1323529412,2,309,3990,2,25
184,1bh-5_2019-05-03_00:48_,aaaa::212:7407:7:707,Attacked,GH,60.0,10,1086.7627207036091,1840.1,1181053.2111111109,3,601,4919,0,25
185,1bh-5_2019-05-03_00:48_,aaaa::212:7407:7:707,Attacked,GH,44.0,14,889.3154176600742,1511.2857142857142,790881.9120879122,3,601,4919,1,25
186,1bh-5_2019-05-03_00:48_,aaaa::212:7407:7:707,Attacked,GH,72.0,7,1450.4128968774967,2294.714285714286,2103697.571428572,3,601,4919,0,25
187,1bh-5_2019-05-03_00:48_,aaaa::212:7407:7:707,Attacked,GH,92.0,2,267.9934700697015,790.5,71820.5,3,601,4919,0,25
188,1bh-5_2019-05-03_00:48_,aaaa::212:7403:3:303,Attacked,GH,48.0,13,586.7681038470886,747.1538461538462,344296.8076923077,1,150,4627,1,25
189,1bh-5_2019-05-03_00:48_,aaaa::212:7403:3:303,Attacked,GH,44.0,14,506.097919770082,560.2142857142857,256135.10439560437,1,150,4627,1,25
190,1bh-5_2019-05-03_00:48_,aaaa::212:7403:3:303,Attacked,GH,60.0,10,789.1562582910941,954.4,622767.6,1,150,4627,1,25
191,1bh-5_2019-05-03_00:48_,aaaa::212:7403:3:303,Attacked,GH,20.0,20,556.7372313190865,733.65,309956.34473684203,1,150,4627,2,25
192,1bh-5_2019-05-03_00:48_,aaaa::212:7402:2:202,Attacked,GH,48.0,13,846.8468514103301,1385.6153846153845,717149.5897435899,2,290,4342,0,25
193,1bh-5_2019-05-03_00:48_,aaaa::212:7402:2:202,Attacked,GH,16.0,21,961.0871597162396,1340.142857142857,923688.5285714287,2,290,4342,1,25
194,1bh-5_2019-05-03_00:48_,aaaa::212:7402:2:202,Attacked,GH,48.0,13,1106.381761673656,2001.4615384615386,1224080.6025641025,2,290,4342,1,25
195,1bh-5_2019-05-03_00:48_,aaaa::212:7402:2:202,Attacked,GH,64.0,9,384.8471918971361,878.8888888888889,148107.3611111111,2,290,4342,0,25
196,1bh-5_2019-05-03_00:48_,aaaa::212:740a:a:a0a,Attacked,GH,80.0,5,769.5126379728925,2072.2,592149.7000000001,4,1043,8720,0,25
197,1bh-5_2019-05-03_00:48_,aaaa::212:740a:a:a0a,Attacked,GH,68.0,8,514.9396462554755,1790.625,265162.83928571426,4,1043,8720,0,25
198,1bh-5_2019-05-03_00:48_,aaaa::212:740a:a:a0a,Attacked,GH,76.0,6,2456.7846262951093,4152.5,6035790.7,4,1043,8720,0,25
199,1bh-5_2019-05-03_00:48_,aaaa::212:740a:a:a0a,Attacked,GH,92.0,2,348.6036431249679,1776.5,121524.5,4,1043,8720,0,25
200,1bh-5_2019-05-03_00:48_,aaaa::212:7409:9:909,Attacked,GH,52.0,12,1555.857054565883,1634.5833333333333,2420691.174242425,3,526,6216,1,25
201,1bh-5_2019-05-03_00:48_,aaaa::212:7409:9:909,Attacked,GH,40.0,15,1025.0947598474334,1563.4666666666667,1050819.2666666668,3,526,6216,1,25
202,1bh-5_2019-05-03_00:48_,aaaa::212:7409:9:909,Attacked,GH,72.0,7,520.1683793322533,1485.857142857143,270575.1428571429,3,526,6216,0,25
203,1bh-5_2019-05-03_00:48_,aaaa::212:7409:9:909,Attacked,GH,80.0,5,996.0104417123347,1808.4,992036.8,3,526,6216,0,25
204,1bh-5_2019-05-03_00:48_,aaaa::212:7405:5:505,Attacked,GH,60.0,10,1348.9992340002768,2316.4,1819798.9333333333,3,440,5367,1,25
205,1bh-5_2019-05-03_00:48_,aaaa::212:7405:5:505,Attacked,GH,68.0,8,533.2640561405096,1600.625,284370.5535714286,3,440,5367,0,25
206,1bh-5_2019-05-03_00:48_,aaaa::212:7405:5:505,Attacked,GH,100.0,0,0.0,0.0,0.0,3,440,5367,0,25
207,1bh-5_2019-05-03_00:48_,aaaa::212:7405:5:505,Attacked,GH,60.0,10,852.5288916577027,1930.2,726805.511111111,3,440,5367,1,25
208,1bh-5_2019-05-03_00:48_,aaaa::212:7404:4:404,Attacked,GH,48.0,13,478.401947191818,941.6153846153846,228868.423076923,2,310,2822,1,25
209,1bh-5_2019-05-03_00:48_,aaaa::212:7404:4:404,Attacked,GH,36.0,16,662.383647015333,1375.6875,438752.0958333333,2,310,2822,1,25
210,1bh-5_2019-05-03_00:48_,aaaa::212:7404:4:404,Attacked,GH,80.0,5,549.6573478086143,1035.2,302123.2,2,310,2822,0,25
211,1bh-5_2019-05-03_00:48_,aaaa::212:7404:4:404,Attacked,GH,76.0,6,859.5509098748407,1235.8333333333333,738827.7666666666,2,310,2822,0,25
212,1bh-5_2019-05-03_00:48_,aaaa::212:7408:8:808,Attacked,GH,100.0,0,0.0,0.0,0.0,4,714,7865,0,25
213,1bh-5_2019-05-03_00:48_,aaaa::212:7408:8:808,Attacked,GH,100.0,0,0.0,0.0,0.0,4,714,7865,0,25
214,1bh-5_2019-05-03_00:48_,aaaa::212:7408:8:808,Attacked,GH,92.0,2,3273.904396893715,3589.0,10718450.0,4,714,7865,0,25
215,1bh-5_2019-05-03_00:48_,aaaa::212:7408:8:808,Attacked,GH,28.000000000000004,18,1648.9209236401548,1900.2777777777778,2718940.212418301,4,714,7865,1,25
216,prova_2019-05-03_01:07_,aaaa::212:740a:a:a0a,Normal,Normal,96.0,1,0.0,1.0,0.0,10,1,1,0,25
217,prova_2019-05-03_01:07_,aaaa::212:740a:a:a0a,Normal,Normal,100.0,0,0.0,0.0,0.0,10,1,1,0,25
218,prova_2019-05-03_01:07_,aaaa::212:740a:a:a0a,Normal,Normal,100.0,0,0.0,0.0,0.0,10,1,1,0,25
219,prova_2019-05-03_01:07_,aaaa::212:740a:a:a0a,Normal,Normal,100.0,0,0.0,0.0,0.0,10,1,1,0,25
220,prova_2019-05-03_01:07_,aaaa::212:7403:3:303,Normal,Normal,96.0,1,0.0,1.0,0.0,10,1,1,0,25
221,prova_2019-05-03_01:07_,aaaa::212:7403:3:303,Normal,Normal,100.0,0,0.0,0.0,0.0,10,1,1,0,25
222,prova_2019-05-03_01:07_,aaaa::212:7403:3:303,Normal,Normal,100.0,0,0.0,0.0,0.0,10,1,1,0,25
223,prova_2019-05-03_01:07_,aaaa::212:7403:3:303,Normal,Normal,100.0,0,0.0,0.0,0.0,10,1,1,0,25
224,prova_2019-05-03_01:07_,aaaa::212:7405:5:505,Normal,Normal,96.0,1,0.0,1.0,0.0,10,1,1,0,25
225,prova_2019-05-03_01:07_,aaaa::212:7405:5:505,Normal,Normal,100.0,0,0.0,0.0,0.0,10,1,1,0,25
226,prova_2019-05-03_01:07_,aaaa::212:7405:5:505,Normal,Normal,100.0,0,0.0,0.0,0.0,10,1,1,0,25
227,prova_2019-05-03_01:07_,aaaa::212:7405:5:505,Normal,Normal,100.0,0,0.0,0.0,0.0,10,1,1,0,25
228,prova_2019-05-03_01:07_,aaaa::212:7404:4:404,Normal,Normal,96.0,1,0.0,1.0,0.0,10,1,1,0,25
229,prova_2019-05-03_01:07_,aaaa::212:7404:4:404,Normal,Normal,100.0,0,0.0,0.0,0.0,10,1,1,0,25
230,prova_2019-05-03_01:07_,aaaa::212:7404:4:404,Normal,Normal,100.0,0,0.0,0.0,0.0,10,1,1,0,25
231,prova_2019-05-03_01:07_,aaaa::212:7404:4:404,Normal,Normal,100.0,0,0.0,0.0,0.0,10,1,1,0,25
232,prova_2019-05-03_01:07_,aaaa::212:7407:7:707,Normal,Normal,96.0,1,0.0,1.0,0.0,10,1,1,0,25
233,prova_2019-05-03_01:07_,aaaa::212:7407:7:707,Normal,Normal,100.0,0,0.0,0.0,0.0,10,1,1,0,25
234,prova_2019-05-03_01:07_,aaaa::212:7407:7:707,Normal,Normal,100.0,0,0.0,0.0,0.0,10,1,1,0,25
235,prova_2019-05-03_01:07_,aaaa::212:7407:7:707,Normal,Normal,100.0,0,0.0,0.0,0.0,10,1,1,0,25
236,prova_2019-05-03_01:07_,aaaa::212:7402:2:202,Normal,Normal,96.0,1,0.0,1.0,0.0,10,1,1,0,25
237,prova_2019-05-03_01:07_,aaaa::212:7402:2:202,Normal,Normal,100.0,0,0.0,0.0,0.0,10,1,1,0,25
238,prova_2019-05-03_01:07_,aaaa::212:7402:2:202,Normal,Normal,100.0,0,0.0,0.0,0.0,10,1,1,0,25
239,prova_2019-05-03_01:07_,aaaa::212:7402:2:202,Normal,Normal,100.0,0,0.0,0.0,0.0,10,1,1,0,25
240,prova_2019-05-03_01:07_,aaaa::212:7409:9:909,Normal,Normal,96.0,1,0.0,1.0,0.0,10,1,1,0,25
241,prova_2019-05-03_01:07_,aaaa::212:7409:9:909,Normal,Normal,100.0,0,0.0,0.0,0.0,10,1,1,0,25
242,prova_2019-05-03_01:07_,aaaa::212:7409:9:909,Normal,Normal,100.0,0,0.0,0.0,0.0,10,1,1,0,25
243,prova_2019-05-03_01:07_,aaaa::212:7409:9:909,Normal,Normal,100.0,0,0.0,0.0,0.0,10,1,1,0,25
244,prova_2019-05-03_01:07_,aaaa::212:7406:6:606,Normal,Normal,96.0,1,0.0,1.0,0.0,10,1,1,0,25
245,prova_2019-05-03_01:07_,aaaa::212:7406:6:606,Normal,Normal,100.0,0,0.0,0.0,0.0,10,1,1,0,25
246,prova_2019-05-03_01:07_,aaaa::212:7406:6:606,Normal,Normal,100.0,0,0.0,0.0,0.0,10,1,1,0,25
247,prova_2019-05-03_01:07_,aaaa::212:7406:6:606,Normal,Normal,100.0,0,0.0,0.0,0.0,10,1,1,0,25
248,prova_2019-05-03_01:07_,aaaa::212:7408:8:808,Normal,Normal,96.0,1,0.0,1.0,0.0,10,1,1,0,25
249,prova_2019-05-03_01:07_,aaaa::212:7408:8:808,Normal,Normal,100.0,0,0.0,0.0,0.0,10,1,1,0,25
250,prova_2019-05-03_01:07_,aaaa::212:7408:8:808,Normal,Normal,100.0,0,0.0,0.0,0.0,10,1,1,0,25
251,prova_2019-05-03_01:07_,aaaa::212:7408:8:808,Normal,Normal,100.0,0,0.0,0.0,0.0,10,1,1,0,25
252,prova_2019-05-03_01:08_,aaaa::212:7405:5:505,Normal,Normal,96.0,1,0.0,291.0,0.0,1,212,2341,0,25
253,prova_2019-05-03_01:08_,aaaa::212:7405:5:505,Normal,Normal,96.0,1,0.0,321.0,0.0,1,212,2341,0,25
254,prova_2019-05-03_01:08_,aaaa::212:7405:5:505,Normal,Normal,72.0,7,207.74171234400436,417.42857142857144,43156.619047619046,1,212,2341,0,25
255,prova_2019-05-03_01:08_,aaaa::212:7405:5:505,Normal,Normal,76.0,6,594.6705530515754,880.6666666666666,353633.06666666665,1,212,2341,0,25
256,prova_2019-05-03_01:08_,aaaa::212:7403:3:303,Normal,Normal,96.0,1,0.0,1.0,0.0,10,1,1,0,25
257,prova_2019-05-03_01:08_,aaaa::212:7403:3:303,Normal,Normal,100.0,0,0.0,0.0,0.0,10,1,1,0,25
258,prova_2019-05-03_01:08_,aaaa::212:7403:3:303,Normal,Normal,100.0,0,0.0,0.0,0.0,10,1,1,0,25
259,prova_2019-05-03_01:08_,aaaa::212:7403:3:303,Normal,Normal,100.0,0,0.0,0.0,0.0,10,1,1,0,25
260,prova_2019-05-03_01:08_,aaaa::212:7406:6:606,Normal,Normal,96.0,1,0.0,1.0,0.0,10,1,1,0,25
261,prova_2019-05-03_01:08_,aaaa::212:7406:6:606,Normal,Normal,100.0,0,0.0,0.0,0.0,10,1,1,0,25
262,prova_2019-05-03_01:08_,aaaa::212:7406:6:606,Normal,Normal,100.0,0,0.0,0.0,0.0,10,1,1,0,25
263,prova_2019-05-03_01:08_,aaaa::212:7406:6:606,Normal,Normal,100.0,0,0.0,0.0,0.0,10,1,1,0,25
264,prova_2019-05-03_01:08_,aaaa::212:7407:7:707,Normal,Normal,96.0,1,0.0,1.0,0.0,10,1,1,0,25
265,prova_2019-05-03_01:08_,aaaa::212:7407:7:707,Normal,Normal,100.0,0,0.0,0.0,0.0,10,1,1,0,25
266,prova_2019-05-03_01:08_,aaaa::212:7407:7:707,Normal,Normal,100.0,0,0.0,0.0,0.0,10,1,1,0,25
267,prova_2019-05-03_01:08_,aaaa::212:7407:7:707,Normal,Normal,100.0,0,0.0,0.0,0.0,10,1,1,0,25
268,prova_2019-05-03_01:08_,aaaa::212:7408:8:808,Normal,Normal,96.0,1,0.0,1.0,0.0,10,1,1,0,25
269,prova_2019-05-03_01:08_,aaaa::212:7408:8:808,Normal,Normal,100.0,0,0.0,0.0,0.0,10,1,1,0,25
270,prova_2019-05-03_01:08_,aaaa::212:7408:8:808,Normal,Normal,100.0,0,0.0,0.0,0.0,10,1,1,0,25
271,prova_2019-05-03_01:08_,aaaa::212:7408:8:808,Normal,Normal,100.0,0,0.0,0.0,0.0,10,1,1,0,25
272,prova_2019-05-03_01:08_,aaaa::212:7409:9:909,Normal,Normal,100.0,0,0.0,0.0,0.0,1,228,1770,0,25
273,prova_2019-05-03_01:08_,aaaa::212:7409:9:909,Normal,Normal,100.0,0,0.0,0.0,0.0,1,228,1770,0,25
274,prova_2019-05-03_01:08_,aaaa::212:7409:9:909,Normal,Normal,100.0,0,0.0,0.0,0.0,1,228,1770,0,25
275,prova_2019-05-03_01:08_,aaaa::212:7409:9:909,Normal,Normal,96.0,1,0.0,759.0,0.0,1,228,1770,0,25
276,prova_2019-05-03_01:08_,aaaa::212:7402:2:202,Normal,Normal,96.0,1,0.0,1.0,0.0,10,1,1,0,25
277,prova_2019-05-03_01:08_,aaaa::212:7402:2:202,Normal,Normal,100.0,0,0.0,0.0,0.0,10,1,1,0,25
278,prova_2019-05-03_01:08_,aaaa::212:7402:2:202,Normal,Normal,100.0,0,0.0,0.0,0.0,10,1,1,0,25
279,prova_2019-05-03_01:08_,aaaa::212:7402:2:202,Normal,Normal,100.0,0,0.0,0.0,0.0,10,1,1,0,25
280,prova_2019-05-03_01:08_,aaaa::212:7404:4:404,Normal,Normal,96.0,1,0.0,1.0,0.0,10,1,1,0,25
281,prova_2019-05-03_01:08_,aaaa::212:7404:4:404,Normal,Normal,100.0,0,0.0,0.0,0.0,10,1,1,0,25
282,prova_2019-05-03_01:08_,aaaa::212:7404:4:404,Normal,Normal,100.0,0,0.0,0.0,0.0,10,1,1,0,25
283,prova_2019-05-03_01:08_,aaaa::212:7404:4:404,Normal,Normal,100.0,0,0.0,0.0,0.0,10,1,1,0,25
284,prova_2019-05-03_01:08_,aaaa::212:740a:a:a0a,Normal,Normal,96.0,1,0.0,1.0,0.0,10,1,1,0,25
285,prova_2019-05-03_01:08_,aaaa::212:740a:a:a0a,Normal,Normal,100.0,0,0.0,0.0,0.0,10,1,1,0,25
286,prova_2019-05-03_01:08_,aaaa::212:740a:a:a0a,Normal,Normal,100.0,0,0.0,0.0,0.0,10,1,1,0,25
287,prova_2019-05-03_01:08_,aaaa::212:740a:a:a0a,Normal,Normal,100.0,0,0.0,0.0,0.0,10,1,1,0,25
288,prova_2019-05-03_12:39_,aaaa::212:740a:a:a0a,Normal,Normal,100.0,0,0.0,0.0,0.0,4,2707,8188,0,25
289,prova_2019-05-03_12:39_,aaaa::212:740a:a:a0a,Normal,Normal,100.0,0,0.0,0.0,0.0,4,2707,8188,0,25
290,prova_2019-05-03_12:39_,aaaa::212:740a:a:a0a,Normal,Normal,96.0,1,0.0,3630.0,0.0,4,2707,8188,0,25
291,prova_2019-05-03_12:39_,aaaa::212:740a:a:a0a,Normal,Normal,96.0,1,0.0,2707.0,0.0,4,2707,8188,0,25
292,prova_2019-05-03_12:39_,aaaa::212:7406:6:606,Normal,Normal,96.0,1,0.0,2320.0,0.0,2,759,5907,0,25
293,prova_2019-05-03_12:39_,aaaa::212:7406:6:606,Normal,Normal,100.0,0,0.0,0.0,0.0,2,759,5907,0,25
294,prova_2019-05-03_12:39_,aaaa::212:7406:6:606,Normal,Normal,100.0,0,0.0,0.0,0.0,2,759,5907,0,25
295,prova_2019-05-03_12:39_,aaaa::212:7406:6:606,Normal,Normal,88.0,3,446.92318504787073,2313.6666666666665,199740.3333333333,2,759,5907,0,25
296,prova_2019-05-03_12:39_,aaaa::212:7407:7:707,Normal,Normal,100.0,0,0.0,0.0,0.0,3,3165,9673,0,25
297,prova_2019-05-03_12:39_,aaaa::212:7407:7:707,Normal,Normal,96.0,1,0.0,9673.0,0.0,3,3165,9673,0,25
298,prova_2019-05-03_12:39_,aaaa::212:7407:7:707,Normal,Normal,88.0,3,2743.0656815565562,6268.333333333333,7524409.333333334,3,3165,9673,0,25
299,prova_2019-05-03_12:39_,aaaa::212:7407:7:707,Normal,Normal,100.0,0,0.0,0.0,0.0,3,3165,9673,0,25
300,prova_2019-05-03_12:39_,aaaa::212:7402:2:202,Normal,Normal,100.0,0,0.0,0.0,0.0,2,676,8677,0,25
301,prova_2019-05-03_12:39_,aaaa::212:7402:2:202,Normal,Normal,100.0,0,0.0,0.0,0.0,2,676,8677,0,25
302,prova_2019-05-03_12:39_,aaaa::212:7402:2:202,Normal,Normal,96.0,1,0.0,8677.0,0.0,2,676,8677,0,25
303,prova_2019-05-03_12:39_,aaaa::212:7402:2:202,Normal,Normal,100.0,0,0.0,0.0,0.0,2,676,8677,0,25
304,prova_2019-05-03_12:39_,aaaa::212:7409:9:909,Normal,Normal,100.0,0,0.0,0.0,0.0,3,1564,5537,0,25
305,prova_2019-05-03_12:39_,aaaa::212:7409:9:909,Normal,Normal,100.0,0,0.0,0.0,0.0,3,1564,5537,0,25
306,prova_2019-05-03_12:39_,aaaa::212:7409:9:909,Normal,Normal,100.0,0,0.0,0.0,0.0,3,1564,5537,0,25
307,prova_2019-05-03_12:39_,aaaa::212:7409:9:909,Normal,Normal,100.0,0,0.0,0.0,0.0,3,1564,5537,0,25
308,prova_2019-05-03_12:39_,aaaa::212:7403:3:303,Normal,Normal,88.0,3,2955.327787798391,2661.3333333333335,8733962.333333332,1,356,5993,0,25
309,prova_2019-05-03_12:39_,aaaa::212:7403:3:303,Normal,Normal,92.0,2,1656.751188320081,2311.5,2744824.5,1,356,5993,0,25
310,prova_2019-05-03_12:39_,aaaa::212:7403:3:303,Normal,Normal,96.0,1,0.0,2928.0,0.0,1,356,5993,0,25
311,prova_2019-05-03_12:39_,aaaa::212:7403:3:303,Normal,Normal,96.0,1,0.0,1050.0,0.0,1,356,5993,0,25
312,prova_2019-05-03_12:39_,aaaa::212:7404:4:404,Normal,Normal,96.0,1,0.0,1.0,0.0,10,1,1,0,25
313,prova_2019-05-03_12:39_,aaaa::212:7404:4:404,Normal,Normal,100.0,0,0.0,0.0,0.0,10,1,1,0,25
314,prova_2019-05-03_12:39_,aaaa::212:7404:4:404,Normal,Normal,100.0,0,0.0,0.0,0.0,10,1,1,0,25
315,prova_2019-05-03_12:39_,aaaa::212:7404:4:404,Normal,Normal,100.0,0,0.0,0.0,0.0,10,1,1,0,25
316,prova_2019-05-03_12:39_,aaaa::212:7408:8:808,Normal,Normal,96.0,1,0.0,1.0,0.0,10,1,1,0,25
317,prova_2019-05-03_12:39_,aaaa::212:7408:8:808,Normal,Normal,100.0,0,0.0,0.0,0.0,10,1,1,0,25
318,prova_2019-05-03_12:39_,aaaa::212:7408:8:808,Normal,Normal,100.0,0,0.0,0.0,0.0,10,1,1,0,25
319,prova_2019-05-03_12:39_,aaaa::212:7408:8:808,Normal,Normal,100.0,0,0.0,0.0,0.0,10,1,1,0,25
320,prova_2019-05-03_12:39_,aaaa::212:7405:5:505,Normal,Normal,100.0,0,0.0,0.0,0.0,3,3804,8723,0,25
321,prova_2019-05-03_12:39_,aaaa::212:7405:5:505,Normal,Normal,96.0,1,0.0,5680.0,0.0,3,3804,8723,0,25
322,prova_2019-05-03_12:39_,aaaa::212:7405:5:505,Normal,Normal,100.0,0,0.0,0.0,0.0,3,3804,8723,0,25
323,prova_2019-05-03_12:39_,aaaa::212:7405:5:505,Normal,Normal,100.0,0,0.0,0.0,0.0,3,3804,8723,0,25
324,rnd__2019-05-01_13:41_,aaaa::212:7406:6:606,Normal,Normal,42.0,29,795.7453255613315,996.8620689655172,633210.6231527094,2,321,10130,2,50
325,rnd__2019-05-01_13:41_,aaaa::212:7406:6:606,Normal,Normal,72.0,14,2445.66918975447,2615.3571428571427,5981297.785714285,2,321,10130,1,50
326,rnd__2019-05-01_13:41_,aaaa::212:7403:3:303,Normal,Normal,56.00000000000001,22,581.8964591553116,554.1818181818181,338603.4891774892,1,119,5930,1,50
327,rnd__2019-05-01_13:41_,aaaa::212:7403:3:303,Normal,Normal,92.0,4,408.264620068896,792.0,166680.0,1,119,5930,0,50
328,rnd__2019-05-01_13:41_,aaaa::212:7407:7:707,Normal,Normal,88.0,6,687.4732479643601,1213.3333333333333,472619.4666666666,3,728,12960,0,50
329,rnd__2019-05-01_13:41_,aaaa::212:7407:7:707,Normal,Normal,88.0,6,4085.6021057693156,5689.166666666667,16692144.566666666,3,728,12960,0,50
330,rnd__2019-05-01_13:41_,aaaa::212:7409:9:909,Normal,Normal,86.0,7,967.9992129079839,1155.857142857143,937022.4761904762,3,636,11190,1,50
331,rnd__2019-05-01_13:41_,aaaa::212:7409:9:909,Normal,Normal,94.0,3,1518.4804904904113,2991.0,2305783.0,3,636,11190,0,50
332,rnd__2019-05-01_13:41_,aaaa::212:7408:8:808,Normal,Normal,62.0,19,985.7309930418517,1499.421052631579,971665.590643275,4,667,14670,1,50
333,rnd__2019-05-01_13:41_,aaaa::212:7408:8:808,Normal,Normal,98.0,1,0.0,1900.0,0.0,4,667,14670,0,50
334,rnd__2019-05-01_13:41_,aaaa::212:7405:5:505,Normal,Normal,60.0,20,1123.5901797832087,1625.45,1262454.8921052634,3,467,6286,2,50
335,rnd__2019-05-01_13:41_,aaaa::212:7405:5:505,Normal,Normal,80.0,10,1148.1939441284878,2936.0,1318349.3333333333,3,467,6286,0,50
336,rnd__2019-05-01_13:41_,aaaa::212:7402:2:202,Normal,Normal,80.0,10,705.6322303044585,1149.8,497916.8444444444,2,289,17980,0,50
337,rnd__2019-05-01_13:41_,aaaa::212:7402:2:202,Normal,Normal,86.0,7,5837.329795622065,5746.857142857143,34074419.14285714,2,289,17980,1,50
338,rnd__2019-05-01_13:41_,aaaa::212:7404:4:404,Normal,Normal,76.0,12,2065.368649682402,1888.75,4265747.659090909,2,300,13805,1,50
339,rnd__2019-05-01_13:41_,aaaa::212:7404:4:404,Normal,Normal,74.0,13,2771.765069872283,2438.4615384615386,7682681.602564104,2,300,13805,1,50
340,rnd__2019-05-01_13:41_,aaaa::212:740a:a:a0a,Normal,Normal,70.0,15,920.9182529255398,2223.0,848090.4285714285,4,999,9732,0,50
341,rnd__2019-05-01_13:41_,aaaa::212:740a:a:a0a,Normal,Normal,90.0,5,1068.2655100676047,2075.8,1141191.2,4,999,9732,0,50
342,normal__2019-05-01_13:43_,aaaa::212:7403:3:303,Normal,Normal,44.0,28,460.6334894905185,621.7857142857143,212183.2116402116,1,148,5629,2,50
343,normal__2019-05-01_13:43_,aaaa::212:7403:3:303,Normal,Normal,68.0,16,1082.6285297059806,1343.0,1172084.5333333334,1,148,5629,1,50
344,normal__2019-05-01_13:43_,aaaa::212:7407:7:707,Normal,Normal,56.00000000000001,22,1071.694749620262,1750.2727272727273,1148529.6363636362,3,764,11771,1,50
345,normal__2019-05-01_13:43_,aaaa::212:7407:7:707,Normal,Normal,70.0,15,2295.0949767669645,5954.333333333333,5267460.952380953,3,764,11771,0,50
346,normal__2019-05-01_13:43_,aaaa::212:7408:8:808,Normal,Normal,56.00000000000001,22,1487.4549176478029,2139.318181818182,2212522.132034632,4,886,13769,1,50
347,normal__2019-05-01_13:43_,aaaa::212:7408:8:808,Normal,Normal,74.0,13,3522.530336896898,4666.846153846154,12408219.974358974,4,886,13769,1,50
348,normal__2019-05-01_13:43_,aaaa::212:7405:5:505,Normal,Normal,54.0,23,1081.1194370439143,1670.6521739130435,1168819.2371541501,3,674,8924,1,50
349,normal__2019-05-01_13:43_,aaaa::212:7405:5:505,Normal,Normal,84.0,8,1612.6564099114762,2961.875,2600660.6964285714,3,674,8924,0,50
350,normal__2019-05-01_13:43_,aaaa::212:7409:9:909,Normal,Normal,70.0,15,805.3423820841372,1461.7333333333333,648576.3523809524,3,601,5693,0,50
351,normal__2019-05-01_13:43_,aaaa::212:7409:9:909,Normal,Normal,98.0,1,0.0,5693.0,0.0,3,601,5693,0,50
352,normal__2019-05-01_13:43_,aaaa::212:7404:4:404,Normal,Normal,57.99999999999999,21,533.044146300062,856.1904761904761,284136.0619047619,2,284,6708,1,50
353,normal__2019-05-01_13:43_,aaaa::212:7404:4:404,Normal,Normal,94.0,3,316.7527953046876,1807.3333333333333,100332.33333333333,2,284,6708,0,50
354,normal__2019-05-01_13:43_,aaaa::212:7402:2:202,Normal,Normal,52.0,24,603.5977401250422,1234.6666666666667,364330.231884058,4,557,7717,1,50
355,normal__2019-05-01_13:43_,aaaa::212:7402:2:202,Normal,Normal,94.0,3,1474.463066113673,1940.3333333333333,2174041.3333333335,4,557,7717,0,50
356,normal__2019-05-01_13:43_,aaaa::212:7406:6:606,Normal,Normal,44.0,28,1183.8501950802452,1161.392857142857,1401501.2843915345,2,361,11150,2,50
357,normal__2019-05-01_13:43_,aaaa::212:7406:6:606,Normal,Normal,98.0,1,0.0,1610.0,0.0,2,361,11150,0,50
358,normal__2019-05-01_13:43_,aaaa::212:740a:a:a0a,Normal,Normal,62.0,19,404.84873357344645,1746.0526315789473,163902.49707602343,4,851,12233,2,50
359,normal__2019-05-01_13:43_,aaaa::212:740a:a:a0a,Normal,Normal,90.0,5,2369.312558528317,3720.0,5613642.0,4,851,12233,0,50
360,rnd__2019-05-01_01:07_,aaaa::212:7408:8:808,Normal,Normal,70.0,15,1771.0116076089716,1796.4,3136482.1142857145,2,445,7519,1,50
361,rnd__2019-05-01_01:07_,aaaa::212:7408:8:808,Normal,Normal,80.0,10,939.0738936727918,1481.0,881859.7777777778,2,445,7519,0,50
362,rnd__2019-05-01_01:07_,aaaa::212:7405:5:505,Normal,Normal,72.0,14,1321.6362236607727,2367.0,1746722.3076923077,2,600,7148,0,50
363,rnd__2019-05-01_01:07_,aaaa::212:7405:5:505,Normal,Normal,92.0,4,1306.0329245466976,2343.0,1705722.0,2,600,7148,0,50
364,rnd__2019-05-01_01:07_,aaaa::212:740a:a:a0a,Normal,Normal,92.0,4,915.4431986748276,2527.25,838036.25,2,460,5075,0,50
365,rnd__2019-05-01_01:07_,aaaa::212:740a:a:a0a,Normal,Normal,92.0,4,643.927208619111,2051.25,414642.25,2,460,5075,0,50
366,rnd__2019-05-01_01:07_,aaaa::212:7404:4:404,Normal,Normal,66.0,17,2216.6451996601686,1661.764705882353,4913515.941176469,2,401,9943,1,50
367,rnd__2019-05-01_01:07_,aaaa::212:7404:4:404,Normal,Normal,70.0,15,771.3077453878174,1238.2666666666667,594915.638095238,2,401,9943,1,50
368,rnd__2019-05-01_01:07_,aaaa::212:7402:2:202,Normal,Normal,80.0,10,703.4917673055362,2681.0,494900.6666666667,2,652,4950,1,50
369,rnd__2019-05-01_01:07_,aaaa::212:7402:2:202,Normal,Normal,88.0,6,775.3546285410309,1942.0,601174.8,2,652,4950,0,50
370,rnd__2019-05-01_01:07_,aaaa::212:7407:7:707,Normal,Normal,72.0,14,1017.5509599248365,1050.5714285714287,1035409.9560439562,1,140,4390,0,50
371,rnd__2019-05-01_01:07_,aaaa::212:7407:7:707,Normal,Normal,32.0,34,508.4939455801043,583.2941176470588,258566.09269162206,1,140,4390,3,50
372,rnd__2019-05-01_01:07_,aaaa::212:7403:3:303,Normal,Normal,98.0,1,0.0,3465.0,0.0,3,1640,9086,0,50
373,rnd__2019-05-01_01:07_,aaaa::212:7403:3:303,Normal,Normal,98.0,1,0.0,4007.0,0.0,3,1640,9086,0,50
374,rnd__2019-05-01_01:07_,aaaa::212:7409:9:909,Normal,Normal,78.0,11,1202.3190092483774,1255.0,1445571.0,1,280,4653,1,50
375,rnd__2019-05-01_01:07_,aaaa::212:7409:9:909,Normal,Normal,86.0,7,563.4597632146458,985.7142857142857,317486.9047619047,1,280,4653,0,50
376,rnd__2019-05-01_01:07_,aaaa::212:7406:6:606,Normal,Normal,66.0,17,1092.0955907848747,2483.176470588235,1192672.7794117646,2,499,7977,0,50
377,rnd__2019-05-01_01:07_,aaaa::212:7406:6:606,Normal,Normal,92.0,4,1587.4048790400009,2852.75,2519854.25,2,499,7977,0,50
378,normal_2019-05-03_12:56_,aaaa::212:7403:3:303,Normal,Normal,74.0,13,1641.0224728535122,2299.6153846153848,2692954.7564102565,1,283,6672,1,50
379,normal_2019-05-03_12:56_,aaaa::212:7403:3:303,Normal,Normal,88.0,6,1437.809410179249,1971.5,2067295.9,1,283,6672,0,50
380,normal_2019-05-03_12:56_,aaaa::212:7407:7:707,Normal,Normal,100.0,0,0.0,0.0,0.0,3,906,6594,0,50
381,normal_2019-05-03_12:56_,aaaa::212:7407:7:707,Normal,Normal,100.0,0,0.0,0.0,0.0,3,906,6594,0,50
382,normal_2019-05-03_12:56_,aaaa::212:7402:2:202,Normal,Normal,86.0,7,805.3259618079531,1961.7142857142858,648549.9047619047,2,756,2659,0,50
383,normal_2019-05-03_12:56_,aaaa::212:7402:2:202,Normal,Normal,98.0,1,0.0,970.0,0.0,2,756,2659,0,50
384,normal_2019-05-03_12:56_,aaaa::212:7409:9:909,Normal,Normal,98.0,1,0.0,3900.0,0.0,3,1227,5799,0,50
385,normal_2019-05-03_12:56_,aaaa::212:7409:9:909,Normal,Normal,98.0,1,0.0,5799.0,0.0,3,1227,5799,0,50
386,normal_2019-05-03_12:56_,aaaa::212:7408:8:808,Normal,Normal,94.0,3,5734.16814658703,9007.666666666666,32880684.333333336,4,2145,15160,0,50
387,normal_2019-05-03_12:56_,aaaa::212:7408:8:808,Normal,Normal,90.0,5,1632.733995481199,5194.4,2665820.3,4,2145,15160,0,50
388,normal_2019-05-03_12:56_,aaaa::212:7406:6:606,Normal,Normal,94.0,3,2246.2006440506007,5075.666666666667,5045417.333333333,2,661,10372,0,50
389,normal_2019-05-03_12:56_,aaaa::212:7406:6:606,Normal,Normal,86.0,7,2993.614139973223,5002.571428571428,8961725.61904762,2,661,10372,0,50
390,normal_2019-05-03_12:56_,aaaa::212:740a:a:a0a,Normal,Normal,98.0,1,0.0,5841.0,0.0,4,1721,8781,0,50
391,normal_2019-05-03_12:56_,aaaa::212:740a:a:a0a,Normal,Normal,98.0,1,0.0,8781.0,0.0,4,1721,8781,0,50
392,normal_2019-05-03_12:56_,aaaa::212:7405:5:505,Normal,Normal,90.0,5,3976.5026970945205,6431.2,15812573.699999997,3,2349,12996,0,50
393,normal_2019-05-03_12:56_,aaaa::212:7405:5:505,Normal,Normal,100.0,0,0.0,0.0,0.0,3,2349,12996,0,50
394,normal_2019-05-03_12:56_,aaaa::212:7404:4:404,Normal,Normal,86.0,7,1364.918905667153,2555.5714285714284,1863003.6190476187,2,854,4910,0,50
395,normal_2019-05-03_12:56_,aaaa::212:7404:4:404,Normal,Normal,90.0,5,1552.7156210974372,3089.6,2410925.8,2,854,4910,0,50
396,1bh-5_2019-05-03_00:32_,aaaa::212:7402:2:202,Attacked,GH,32.0,34,1075.0097727864863,1435.4411764705883,1155646.0115864528,2,273,5474,2,50
397,1bh-5_2019-05-03_00:32_,aaaa::212:7402:2:202,Attacked,GH,56.00000000000001,22,767.3855612188046,1164.8636363636363,588880.5995670996,2,273,5474,1,50
398,1bh-5_2019-05-03_00:32_,aaaa::212:7403:3:303,Attacked,GH,32.0,34,579.0378744704885,725.5588235294117,335284.8600713013,1,135,3501,2,50
399,1bh-5_2019-05-03_00:32_,aaaa::212:7403:3:303,Attacked,GH,22.0,39,631.3218871828913,700.7948717948718,398567.3252361673,1,135,3501,2,50
400,1bh-5_2019-05-03_00:32_,aaaa::212:7405:5:505,Attacked,GH,42.0,29,1150.3907903157733,1990.551724137931,1323398.9704433496,3,545,7500,2,50
401,1bh-5_2019-05-03_00:32_,aaaa::212:7405:5:505,Attacked,GH,40.0,30,1623.2381292151595,2364.9,2634902.024137931,3,545,7500,2,50
402,1bh-5_2019-05-03_00:32_,aaaa::212:7404:4:404,Attacked,GH,34.0,33,585.2263709907734,1127.030303030303,342489.9053030303,2,401,3832,3,50
403,1bh-5_2019-05-03_00:32_,aaaa::212:7404:4:404,Attacked,GH,36.0,32,575.4543217417785,1144.46875,331147.6764112903,2,401,3832,2,50
404,1bh-5_2019-05-03_00:32_,aaaa::212:7408:8:808,Attacked,GH,78.0,11,1113.8469455817608,1676.7272727272727,1240655.018181818,4,679,4333,0,50
405,1bh-5_2019-05-03_00:32_,aaaa::212:7408:8:808,Attacked,GH,68.0,16,1410.1169691435766,1950.5,1988429.8666666667,4,679,4333,0,50
406,1bh-5_2019-05-03_00:32_,aaaa::212:7409:9:909,Attacked,GH,34.0,33,1120.8858290060887,1704.6666666666667,1256385.0416666665,3,558,6391,2,50
407,1bh-5_2019-05-03_00:32_,aaaa::212:7409:9:909,Attacked,GH,36.0,32,984.2940030680907,1527.65625,968834.6844758064,3,558,6391,3,50
408,1bh-5_2019-05-03_00:32_,aaaa::212:740a:a:a0a,Attacked,GH,64.0,18,1322.7470030156667,2242.8888888888887,1749659.6339869283,4,871,6237,1,50
409,1bh-5_2019-05-03_00:32_,aaaa::212:740a:a:a0a,Attacked,GH,68.0,16,662.3888554567727,2466.9375,438758.99583333335,4,871,6237,1,50
410,1bh-5_2019-05-03_00:32_,aaaa::212:7407:7:707,Attacked,GH,50.0,25,660.9732142833021,1346.44,436885.59,3,407,3719,1,50
411,1bh-5_2019-05-03_00:32_,aaaa::212:7407:7:707,Attacked,GH,76.0,12,585.0672261295356,1208.25,342303.6590909091,3,407,3719,1,50
412,1bh-5_2019-05-03_00:32_,aaaa::212:7406:6:606,Attacked,GH,32.0,34,738.257550743605,1147.0294117647059,545024.2112299465,2,260,4877,2,50
413,1bh-5_2019-05-03_00:32_,aaaa::212:7406:6:606,Attacked,GH,38.0,31,712.6785141395306,1202.741935483871,507910.6645161291,2,260,4877,2,50
414,1bh-5_2019-05-03_00:48_,aaaa::212:7406:6:606,Attacked,GH,40.0,30,507.32662969274764,893.0333333333333,257380.30919540228,2,309,3990,1,50
415,1bh-5_2019-05-03_00:48_,aaaa::212:7406:6:606,Attacked,GH,28.000000000000004,36,970.0453642640424,1396.861111111111,940988.0087301587,2,309,3990,2,50
416,1bh-5_2019-05-03_00:48_,aaaa::212:7407:7:707,Attacked,GH,52.0,24,967.7773045654068,1648.2916666666667,936592.911231884,3,601,4919,1,50
417,1bh-5_2019-05-03_00:48_,aaaa::212:7407:7:707,Attacked,GH,82.0,9,1423.6265408377922,1960.4444444444443,2026712.5277777778,3,601,4919,1,50
418,1bh-5_2019-05-03_00:48_,aaaa::212:7403:3:303,Attacked,GH,46.0,27,544.0900189471855,650.2222222222222,296033.94871794875,1,150,4627,2,50
419,1bh-5_2019-05-03_00:48_,aaaa::212:7403:3:303,Attacked,GH,40.0,30,638.3964114567998,807.2333333333333,407549.9781609196,1,150,4627,2,50
420,1bh-5_2019-05-03_00:48_,aaaa::212:7402:2:202,Attacked,GH,32.0,34,906.1434843667141,1357.5294117647059,821096.0142602496,2,290,4342,1,50
421,1bh-5_2019-05-03_00:48_,aaaa::212:7402:2:202,Attacked,GH,56.00000000000001,22,1036.836669500447,1542.2272727272727,1075030.279220779,2,290,4342,1,50
422,1bh-5_2019-05-03_00:48_,aaaa::212:740a:a:a0a,Attacked,GH,74.0,13,610.2384044424034,1898.923076923077,372390.91025641025,4,1043,8720,0,50
423,1bh-5_2019-05-03_00:48_,aaaa::212:740a:a:a0a,Attacked,GH,84.0,8,2353.372716519239,3558.5,5538363.142857143,4,1043,8720,1,50
424,1bh-5_2019-05-03_00:48_,aaaa::212:7409:9:909,Attacked,GH,46.0,27,1261.4519999382253,1595.0740740740741,1591261.148148148,3,526,6216,2,50
425,1bh-5_2019-05-03_00:48_,aaaa::212:7409:9:909,Attacked,GH,76.0,12,732.059998162098,1620.25,535911.8409090909,3,526,6216,0,50
426,1bh-5_2019-05-03_00:48_,aaaa::212:7405:5:505,Attacked,GH,64.0,18,1102.0255044318624,1998.2777777777778,1214460.2124183006,3,440,5367,1,50
427,1bh-5_2019-05-03_00:48_,aaaa::212:7405:5:505,Attacked,GH,80.0,10,852.5288916577027,1930.2,726805.511111111,3,440,5367,1,50
428,1bh-5_2019-05-03_00:48_,aaaa::212:7404:4:404,Attacked,GH,42.0,29,617.573555181173,1181.103448275862,381397.0960591133,2,310,2822,3,50
429,1bh-5_2019-05-03_00:48_,aaaa::212:7404:4:404,Attacked,GH,78.0,11,707.9840778897889,1144.6363636363637,501241.4545454546,2,310,2822,0,50
430,1bh-5_2019-05-03_00:48_,aaaa::212:7408:8:808,Attacked,GH,100.0,0,0.0,0.0,0.0,4,714,7865,0,50
431,1bh-5_2019-05-03_00:48_,aaaa::212:7408:8:808,Attacked,GH,60.0,20,1807.4937948499442,2069.15,3267033.8184210523,4,714,7865,2,50
432,prova_2019-05-03_01:07_,aaaa::212:740a:a:a0a,Normal,Normal,98.0,1,0.0,1.0,0.0,10,1,1,0,50
433,prova_2019-05-03_01:07_,aaaa::212:740a:a:a0a,Normal,Normal,100.0,0,0.0,0.0,0.0,10,1,1,0,50
434,prova_2019-05-03_01:07_,aaaa::212:7403:3:303,Normal,Normal,98.0,1,0.0,1.0,0.0,10,1,1,0,50
435,prova_2019-05-03_01:07_,aaaa::212:7403:3:303,Normal,Normal,100.0,0,0.0,0.0,0.0,10,1,1,0,50
436,prova_2019-05-03_01:07_,aaaa::212:7405:5:505,Normal,Normal,98.0,1,0.0,1.0,0.0,10,1,1,0,50
437,prova_2019-05-03_01:07_,aaaa::212:7405:5:505,Normal,Normal,100.0,0,0.0,0.0,0.0,10,1,1,0,50
438,prova_2019-05-03_01:07_,aaaa::212:7404:4:404,Normal,Normal,98.0,1,0.0,1.0,0.0,10,1,1,0,50
439,prova_2019-05-03_01:07_,aaaa::212:7404:4:404,Normal,Normal,100.0,0,0.0,0.0,0.0,10,1,1,0,50
440,prova_2019-05-03_01:07_,aaaa::212:7407:7:707,Normal,Normal,98.0,1,0.0,1.0,0.0,10,1,1,0,50
441,prova_2019-05-03_01:07_,aaaa::212:7407:7:707,Normal,Normal,100.0,0,0.0,0.0,0.0,10,1,1,0,50
442,prova_2019-05-03_01:07_,aaaa::212:7402:2:202,Normal,Normal,98.0,1,0.0,1.0,0.0,10,1,1,0,50
443,prova_2019-05-03_01:07_,aaaa::212:7402:2:202,Normal,Normal,100.0,0,0.0,0.0,0.0,10,1,1,0,50
444,prova_2019-05-03_01:07_,aaaa::212:7409:9:909,Normal,Normal,98.0,1,0.0,1.0,0.0,10,1,1,0,50
445,prova_2019-05-03_01:07_,aaaa::212:7409:9:909,Normal,Normal,100.0,0,0.0,0.0,0.0,10,1,1,0,50
446,prova_2019-05-03_01:07_,aaaa::212:7406:6:606,Normal,Normal,98.0,1,0.0,1.0,0.0,10,1,1,0,50
447,prova_2019-05-03_01:07_,aaaa::212:7406:6:606,Normal,Normal,100.0,0,0.0,0.0,0.0,10,1,1,0,50
448,prova_2019-05-03_01:07_,aaaa::212:7408:8:808,Normal,Normal,98.0,1,0.0,1.0,0.0,10,1,1,0,50
449,prova_2019-05-03_01:07_,aaaa::212:7408:8:808,Normal,Normal,100.0,0,0.0,0.0,0.0,10,1,1,0,50
450,prova_2019-05-03_01:08_,aaaa::212:7405:5:505,Normal,Normal,96.0,2,21.213203435596427,306.0,450.0,1,212,2341,0,50
451,prova_2019-05-03_01:08_,aaaa::212:7405:5:505,Normal,Normal,74.0,13,476.12973614449413,631.2307692307693,226699.52564102563,1,212,2341,1,50
452,prova_2019-05-03_01:08_,aaaa::212:7403:3:303,Normal,Normal,98.0,1,0.0,1.0,0.0,10,1,1,0,50
453,prova_2019-05-03_01:08_,aaaa::212:7403:3:303,Normal,Normal,100.0,0,0.0,0.0,0.0,10,1,1,0,50
454,prova_2019-05-03_01:08_,aaaa::212:7406:6:606,Normal,Normal,98.0,1,0.0,1.0,0.0,10,1,1,0,50
455,prova_2019-05-03_01:08_,aaaa::212:7406:6:606,Normal,Normal,100.0,0,0.0,0.0,0.0,10,1,1,0,50
456,prova_2019-05-03_01:08_,aaaa::212:7407:7:707,Normal,Normal,98.0,1,0.0,1.0,0.0,10,1,1,0,50
457,prova_2019-05-03_01:08_,aaaa::212:7407:7:707,Normal,Normal,100.0,0,0.0,0.0,0.0,10,1,1,0,50
458,prova_2019-05-03_01:08_,aaaa::212:7408:8:808,Normal,Normal,98.0,1,0.0,1.0,0.0,10,1,1,0,50
459,prova_2019-05-03_01:08_,aaaa::212:7408:8:808,Normal,Normal,100.0,0,0.0,0.0,0.0,10,1,1,0,50
460,prova_2019-05-03_01:08_,aaaa::212:7409:9:909,Normal,Normal,100.0,0,0.0,0.0,0.0,1,228,1770,0,50
461,prova_2019-05-03_01:08_,aaaa::212:7409:9:909,Normal,Normal,98.0,1,0.0,759.0,0.0,1,228,1770,0,50
462,prova_2019-05-03_01:08_,aaaa::212:7402:2:202,Normal,Normal,98.0,1,0.0,1.0,0.0,10,1,1,0,50
463,prova_2019-05-03_01:08_,aaaa::212:7402:2:202,Normal,Normal,100.0,0,0.0,0.0,0.0,10,1,1,0,50
464,prova_2019-05-03_01:08_,aaaa::212:7404:4:404,Normal,Normal,98.0,1,0.0,1.0,0.0,10,1,1,0,50
465,prova_2019-05-03_01:08_,aaaa::212:7404:4:404,Normal,Normal,100.0,0,0.0,0.0,0.0,10,1,1,0,50
466,prova_2019-05-03_01:08_,aaaa::212:740a:a:a0a,Normal,Normal,98.0,1,0.0,1.0,0.0,10,1,1,0,50
467,prova_2019-05-03_01:08_,aaaa::212:740a:a:a0a,Normal,Normal,100.0,0,0.0,0.0,0.0,10,1,1,0,50
468,prova_2019-05-03_12:39_,aaaa::212:740a:a:a0a,Normal,Normal,100.0,0,0.0,0.0,0.0,4,2707,8188,0,50
469,prova_2019-05-03_12:39_,aaaa::212:740a:a:a0a,Normal,Normal,96.0,2,652.6595590351834,3168.5,425964.5,4,2707,8188,0,50
470,prova_2019-05-03_12:39_,aaaa::212:7406:6:606,Normal,Normal,98.0,1,0.0,2320.0,0.0,2,759,5907,0,50
471,prova_2019-05-03_12:39_,aaaa::212:7406:6:606,Normal,Normal,94.0,3,446.92318504787073,2313.6666666666665,199740.3333333333,2,759,5907,0,50
472,prova_2019-05-03_12:39_,aaaa::212:7407:7:707,Normal,Normal,98.0,1,0.0,9673.0,0.0,3,3165,9673,0,50
473,prova_2019-05-03_12:39_,aaaa::212:7407:7:707,Normal,Normal,94.0,3,2743.0656815565562,6268.333333333333,7524409.333333334,3,3165,9673,0,50
474,prova_2019-05-03_12:39_,aaaa::212:7402:2:202,Normal,Normal,100.0,0,0.0,0.0,0.0,2,676,8677,0,50
475,prova_2019-05-03_12:39_,aaaa::212:7402:2:202,Normal,Normal,98.0,1,0.0,8677.0,0.0,2,676,8677,0,50
476,prova_2019-05-03_12:39_,aaaa::212:7409:9:909,Normal,Normal,100.0,0,0.0,0.0,0.0,3,1564,5537,0,50
477,prova_2019-05-03_12:39_,aaaa::212:7409:9:909,Normal,Normal,100.0,0,0.0,0.0,0.0,3,1564,5537,0,50
478,prova_2019-05-03_12:39_,aaaa::212:7403:3:303,Normal,Normal,90.0,5,2256.081182049972,2521.4,5089902.3,1,356,5993,0,50
479,prova_2019-05-03_12:39_,aaaa::212:7403:3:303,Normal,Normal,96.0,2,1327.9465350683363,1989.0,1763442.0,1,356,5993,0,50
480,prova_2019-05-03_12:39_,aaaa::212:7404:4:404,Normal,Normal,98.0,1,0.0,1.0,0.0,10,1,1,0,50
481,prova_2019-05-03_12:39_,aaaa::212:7404:4:404,Normal,Normal,100.0,0,0.0,0.0,0.0,10,1,1,0,50
482,prova_2019-05-03_12:39_,aaaa::212:7408:8:808,Normal,Normal,98.0,1,0.0,1.0,0.0,10,1,1,0,50
483,prova_2019-05-03_12:39_,aaaa::212:7408:8:808,Normal,Normal,100.0,0,0.0,0.0,0.0,10,1,1,0,50
484,prova_2019-05-03_12:39_,aaaa::212:7405:5:505,Normal,Normal,98.0,1,0.0,5680.0,0.0,3,3804,8723,0,50
485,prova_2019-05-03_12:39_,aaaa::212:7405:5:505,Normal,Normal,100.0,0,0.0,0.0,0.0,3,3804,8723,0,50
486,rnd__2019-05-01_13:41_,aaaa::212:7406:6:606,Normal,Normal,56.99999999999999,43,1691.8570419148466,1523.8139534883721,2862380.250276855,2,321,10130,1,100
487,rnd__2019-05-01_13:41_,aaaa::212:7403:3:303,Normal,Normal,74.0,26,558.646171216974,590.7692307692307,312085.54461538466,1,119,5930,1,100
488,rnd__2019-05-01_13:41_,aaaa::212:7407:7:707,Normal,Normal,88.0,12,3642.215512694038,3451.25,13265733.840909092,3,728,12960,1,100
489,rnd__2019-05-01_13:41_,aaaa::212:7409:9:909,Normal,Normal,90.0,10,1386.6816665855376,1706.4,1922886.0444444444,3,636,11190,0,100
490,rnd__2019-05-01_13:41_,aaaa::212:7408:8:808,Normal,Normal,80.0,20,963.6121995142192,1519.45,928548.4710526315,4,667,14670,1,100
491,rnd__2019-05-01_13:41_,aaaa::212:7405:5:505,Normal,Normal,70.0,30,1277.1474451102833,2062.3,1631105.5965517242,3,467,6286,1,100
492,rnd__2019-05-01_13:41_,aaaa::212:7402:2:202,Normal,Normal,83.0,17,4300.768329099841,3042.705882352941,18496608.220588237,2,289,17980,1,100
493,rnd__2019-05-01_13:41_,aaaa::212:7404:4:404,Normal,Normal,75.0,25,2423.848730153486,2174.6,5875042.666666667,2,300,13805,2,100
494,rnd__2019-05-01_13:41_,aaaa::212:740a:a:a0a,Normal,Normal,80.0,20,932.4355544260926,2186.2,869436.0631578948,4,999,9732,0,100
495,normal__2019-05-01_13:43_,aaaa::212:7403:3:303,Normal,Normal,56.00000000000001,44,815.6362605437193,884.0454545454545,665262.509513742,1,148,5629,2,100
496,normal__2019-05-01_13:43_,aaaa::212:7407:7:707,Normal,Normal,63.0,37,2664.049073114826,3454.6216216216217,7097157.463963965,3,764,11771,3,100
497,normal__2019-05-01_13:43_,aaaa::212:7408:8:808,Normal,Normal,65.0,35,2698.386988461032,3078.114285714286,7281292.339495798,4,886,13769,2,100
498,normal__2019-05-01_13:43_,aaaa::212:7405:5:505,Normal,Normal,69.0,31,1339.3359235565333,2003.8709677419354,1793820.7161290322,3,674,8924,3,100
499,normal__2019-05-01_13:43_,aaaa::212:7409:9:909,Normal,Normal,84.0,16,1313.1313830560393,1726.1875,1724314.0291666666,3,601,5693,1,100
500,normal__2019-05-01_13:43_,aaaa::212:7404:4:404,Normal,Normal,76.0,24,599.2078768759177,975.0833333333334,359050.07971014496,2,284,6708,1,100
501,normal__2019-05-01_13:43_,aaaa::212:7402:2:202,Normal,Normal,73.0,27,735.2546877378313,1313.0740740740741,540599.4558404558,4,557,7717,2,100
502,normal__2019-05-01_13:43_,aaaa::212:7406:6:606,Normal,Normal,71.0,29,1165.4987198662434,1176.8620689655172,1358387.266009852,2,361,11150,2,100
503,normal__2019-05-01_13:43_,aaaa::212:740a:a:a0a,Normal,Normal,76.0,24,1332.3456425537197,2157.2916666666665,1775144.9112318843,4,851,12233,1,100
504,rnd__2019-05-01_01:07_,aaaa::212:7408:8:808,Normal,Normal,75.0,25,1478.2358652574133,1670.24,2185181.273333333,2,445,7519,2,100
505,rnd__2019-05-01_01:07_,aaaa::212:7405:5:505,Normal,Normal,82.0,18,1279.3920431204815,2361.6666666666665,1636844.0,2,600,7148,0,100
506,rnd__2019-05-01_01:07_,aaaa::212:740a:a:a0a,Normal,Normal,92.0,8,775.6276260459747,2289.25,601598.2142857143,2,460,5075,0,100
507,rnd__2019-05-01_01:07_,aaaa::212:7404:4:404,Normal,Normal,68.0,32,1688.426199825762,1463.25,2850783.0322580645,2,401,9943,1,100
508,rnd__2019-05-01_01:07_,aaaa::212:7402:2:202,Normal,Normal,84.0,16,796.1546646223961,2403.875,633862.25,2,652,4950,1,100
509,rnd__2019-05-01_01:07_,aaaa::212:7407:7:707,Normal,Normal,52.0,48,716.9423203997248,719.5833333333334,514006.2907801418,1,140,4390,3,100
510,rnd__2019-05-01_01:07_,aaaa::212:7403:3:303,Normal,Normal,98.0,2,383.2518754031088,3736.0,146882.0,3,1640,9086,0,100
511,rnd__2019-05-01_01:07_,aaaa::212:7409:9:909,Normal,Normal,82.0,18,990.2713119351838,1150.2777777777778,980637.2712418302,1,280,4653,1,100
512,rnd__2019-05-01_01:07_,aaaa::212:7406:6:606,Normal,Normal,79.0,21,1163.7139069130596,2553.5714285714284,1354230.057142857,2,499,7977,1,100
513,normal_2019-05-03_12:56_,aaaa::212:7403:3:303,Normal,Normal,81.0,19,1547.2898888055852,2196.0,2394106.0,1,283,6672,1,100
514,normal_2019-05-03_12:56_,aaaa::212:7407:7:707,Normal,Normal,100.0,0,0.0,0.0,0.0,3,906,6594,0,100
515,normal_2019-05-03_12:56_,aaaa::212:7402:2:202,Normal,Normal,92.0,8,823.915694369619,1837.75,678837.0714285715,2,756,2659,0,100
516,normal_2019-05-03_12:56_,aaaa::212:7409:9:909,Normal,Normal,98.0,2,1342.7957774732538,4849.5,1803100.5,3,1227,5799,0,100
517,normal_2019-05-03_12:56_,aaaa::212:7408:8:808,Normal,Normal,92.0,8,3848.7294726404753,6624.375,14812718.55357143,4,2145,15160,1,100
518,normal_2019-05-03_12:56_,aaaa::212:7406:6:606,Normal,Normal,90.0,10,2664.0071842579137,5024.5,7096934.277777778,2,661,10372,1,100
519,normal_2019-05-03_12:56_,aaaa::212:740a:a:a0a,Normal,Normal,98.0,2,2078.8939366884497,7311.0,4321800.0,4,1721,8781,0,100
520,normal_2019-05-03_12:56_,aaaa::212:7405:5:505,Normal,Normal,95.0,5,3976.5026970945205,6431.2,15812573.699999997,3,2349,12996,0,100
521,normal_2019-05-03_12:56_,aaaa::212:7404:4:404,Normal,Normal,88.0,12,1403.0330429811586,2778.0833333333335,1968501.7196969695,2,854,4910,0,100
522,1bh-5_2019-05-03_00:32_,aaaa::212:7402:2:202,Attacked,GH,44.0,56,967.4776657712745,1329.142857142857,936013.033766234,2,273,5474,3,100
523,1bh-5_2019-05-03_00:32_,aaaa::212:7403:3:303,Attacked,GH,27.0,73,603.474869558573,712.3287671232877,364181.9181887367,1,135,3501,4,100
524,1bh-5_2019-05-03_00:32_,aaaa::212:7405:5:505,Attacked,GH,41.0,59,1411.3685666257227,2180.898305084746,1991961.2308591472,3,545,7500,2,100
525,1bh-5_2019-05-03_00:32_,aaaa::212:7404:4:404,Attacked,GH,35.0,65,575.9529519714396,1135.6153846153845,331721.8028846154,2,401,3832,5,100
526,1bh-5_2019-05-03_00:32_,aaaa::212:7408:8:808,Attacked,GH,73.0,27,1281.8491895419463,1838.962962962963,1643137.3447293448,4,679,4333,0,100
527,1bh-5_2019-05-03_00:32_,aaaa::212:7409:9:909,Attacked,GH,35.0,65,1051.3921739129432,1617.5230769230768,1105425.5033653846,3,558,6391,5,100
528,1bh-5_2019-05-03_00:32_,aaaa::212:740a:a:a0a,Attacked,GH,66.0,34,1055.301241512906,2348.323529411765,1113660.7103386808,4,871,6237,1,100
529,1bh-5_2019-05-03_00:32_,aaaa::212:7407:7:707,Attacked,GH,63.0,37,632.5747804432713,1301.6216216216217,400150.85285285284,3,407,3719,1,100
530,1bh-5_2019-05-03_00:32_,aaaa::212:7406:6:606,Attacked,GH,35.0,65,721.0392846440477,1173.6,519897.65,2,260,4877,4,100
531,1bh-5_2019-05-03_00:48_,aaaa::212:7406:6:606,Attacked,GH,34.0,66,827.9018381505465,1167.8484848484848,685421.4536130537,2,309,3990,4,100
532,1bh-5_2019-05-03_00:48_,aaaa::212:7407:7:707,Attacked,GH,67.0,33,1095.347006383794,1733.4242424242425,1199785.0643939395,3,601,4919,2,100
533,1bh-5_2019-05-03_00:48_,aaaa::212:7403:3:303,Attacked,GH,43.0,57,595.611283790398,732.859649122807,354752.8013784461,1,150,4627,4,100
534,1bh-5_2019-05-03_00:48_,aaaa::212:7402:2:202,Attacked,GH,44.0,56,954.6771044187132,1430.0892857142858,911408.3737012986,2,290,4342,2,100
535,1bh-5_2019-05-03_00:48_,aaaa::212:740a:a:a0a,Attacked,GH,79.0,21,1686.372713421155,2531.1428571428573,2843852.9285714286,4,1043,8720,1,100
536,1bh-5_2019-05-03_00:48_,aaaa::212:7409:9:909,Attacked,GH,61.0,39,1115.3602880682681,1602.820512820513,1244028.5721997302,3,526,6216,2,100
537,1bh-5_2019-05-03_00:48_,aaaa::212:7405:5:505,Attacked,GH,72.0,28,1004.0080227709138,1973.9642857142858,1008032.1097883598,3,440,5367,1,100
538,1bh-5_2019-05-03_00:48_,aaaa::212:7404:4:404,Attacked,GH,60.0,40,634.5226102738326,1171.075,402618.942948718,2,310,2822,4,100
539,1bh-5_2019-05-03_00:48_,aaaa::212:7408:8:808,Attacked,GH,80.0,20,1807.4937948499442,2069.15,3267033.8184210523,4,714,7865,2,100
540,prova_2019-05-03_01:07_,aaaa::212:740a:a:a0a,Normal,Normal,99.0,1,0.0,1.0,0.0,10,1,1,0,100
541,prova_2019-05-03_01:07_,aaaa::212:7403:3:303,Normal,Normal,99.0,1,0.0,1.0,0.0,10,1,1,0,100
542,prova_2019-05-03_01:07_,aaaa::212:7405:5:505,Normal,Normal,99.0,1,0.0,1.0,0.0,10,1,1,0,100
543,prova_2019-05-03_01:07_,aaaa::212:7404:4:404,Normal,Normal,99.0,1,0.0,1.0,0.0,10,1,1,0,100
544,prova_2019-05-03_01:07_,aaaa::212:7407:7:707,Normal,Normal,99.0,1,0.0,1.0,0.0,10,1,1,0,100
545,prova_2019-05-03_01:07_,aaaa::212:7402:2:202,Normal,Normal,99.0,1,0.0,1.0,0.0,10,1,1,0,100
546,prova_2019-05-03_01:07_,aaaa::212:7409:9:909,Normal,Normal,99.0,1,0.0,1.0,0.0,10,1,1,0,100
547,prova_2019-05-03_01:07_,aaaa::212:7406:6:606,Normal,Normal,99.0,1,0.0,1.0,0.0,10,1,1,0,100
548,prova_2019-05-03_01:07_,aaaa::212:7408:8:808,Normal,Normal,99.0,1,0.0,1.0,0.0,10,1,1,0,100
549,prova_2019-05-03_01:08_,aaaa::212:7405:5:505,Normal,Normal,85.0,15,455.45799032663916,587.8666666666667,207441.98095238092,1,212,2341,2,100
550,prova_2019-05-03_01:08_,aaaa::212:7403:3:303,Normal,Normal,99.0,1,0.0,1.0,0.0,10,1,1,0,100
551,prova_2019-05-03_01:08_,aaaa::212:7406:6:606,Normal,Normal,99.0,1,0.0,1.0,0.0,10,1,1,0,100
552,prova_2019-05-03_01:08_,aaaa::212:7407:7:707,Normal,Normal,99.0,1,0.0,1.0,0.0,10,1,1,0,100
553,prova_2019-05-03_01:08_,aaaa::212:7408:8:808,Normal,Normal,99.0,1,0.0,1.0,0.0,10,1,1,0,100
554,prova_2019-05-03_01:08_,aaaa::212:7409:9:909,Normal,Normal,99.0,1,0.0,759.0,0.0,1,228,1770,0,100
555,prova_2019-05-03_01:08_,aaaa::212:7402:2:202,Normal,Normal,99.0,1,0.0,1.0,0.0,10,1,1,0,100
556,prova_2019-05-03_01:08_,aaaa::212:7404:4:404,Normal,Normal,99.0,1,0.0,1.0,0.0,10,1,1,0,100
557,prova_2019-05-03_01:08_,aaaa::212:740a:a:a0a,Normal,Normal,99.0,1,0.0,1.0,0.0,10,1,1,0,100
558,prova_2019-05-03_12:39_,aaaa::212:740a:a:a0a,Normal,Normal,98.0,2,652.6595590351834,3168.5,425964.5,4,2707,8188,0,100
559,prova_2019-05-03_12:39_,aaaa::212:7406:6:606,Normal,Normal,96.0,4,364.92499229293685,2315.25,133170.25,2,759,5907,0,100
560,prova_2019-05-03_12:39_,aaaa::212:7407:7:707,Normal,Normal,96.0,4,2813.22087057996,7119.5,7914211.666666667,3,3165,9673,0,100
561,prova_2019-05-03_12:39_,aaaa::212:7402:2:202,Normal,Normal,99.0,1,0.0,8677.0,0.0,2,676,8677,0,100
562,prova_2019-05-03_12:39_,aaaa::212:7409:9:909,Normal,Normal,100.0,0,0.0,0.0,0.0,3,1564,5537,0,100
563,prova_2019-05-03_12:39_,aaaa::212:7403:3:303,Normal,Normal,93.0,7,1937.6953419191673,2369.285714285714,3754663.2380952383,1,356,5993,0,100
564,prova_2019-05-03_12:39_,aaaa::212:7404:4:404,Normal,Normal,99.0,1,0.0,1.0,0.0,10,1,1,0,100
565,prova_2019-05-03_12:39_,aaaa::212:7408:8:808,Normal,Normal,99.0,1,0.0,1.0,0.0,10,1,1,0,100
566,prova_2019-05-03_12:39_,aaaa::212:7405:5:505,Normal,Normal,99.0,1,0.0,5680.0,0.0,3,3804,8723,0,100
567,rnd__2019-05-01_13:41_,aaaa::212:7406:6:606,Normal,Normal,70.0,60,2714.253420881764,2503.8333333333335,7367171.632768359,2,321,10130,5,200
568,rnd__2019-05-01_13:41_,aaaa::212:7403:3:303,Normal,Normal,83.5,33,1468.4013415956824,1083.0,2156202.5,1,119,5930,2,200
569,rnd__2019-05-01_13:41_,aaaa::212:7407:7:707,Normal,Normal,90.5,19,3312.3981718873724,4092.2631578947367,10971981.649122806,3,728,12960,1,200
570,rnd__2019-05-01_13:41_,aaaa::212:7409:9:909,Normal,Normal,90.5,19,2462.33132292542,2734.8947368421054,6063075.543859649,3,636,11190,1,200
571,rnd__2019-05-01_13:41_,aaaa::212:7408:8:808,Normal,Normal,87.5,25,3013.7210261292157,2620.56,9082514.423333334,4,667,14670,1,200
572,rnd__2019-05-01_13:41_,aaaa::212:7405:5:505,Normal,Normal,81.5,37,1439.2082235767036,2320.5405405405404,2071320.3108108107,3,467,6286,1,200
573,rnd__2019-05-01_13:41_,aaaa::212:7402:2:202,Normal,Normal,88.0,24,4003.454323447132,3546.5416666666665,16027646.519927535,2,289,17980,1,200
574,rnd__2019-05-01_13:41_,aaaa::212:7404:4:404,Normal,Normal,78.5,43,2932.57658547545,2929.6279069767443,8600005.429678848,2,300,13805,3,200
575,rnd__2019-05-01_13:41_,aaaa::212:740a:a:a0a,Normal,Normal,87.0,26,2583.044220712036,3281.6153846153848,6672117.446153848,4,999,9732,3,200
576,normal__2019-05-01_13:43_,aaaa::212:7403:3:303,Normal,Normal,62.0,76,1255.0572824698886,1309.9342105263158,1575168.7822807017,1,148,5629,4,200
577,normal__2019-05-01_13:43_,aaaa::212:7407:7:707,Normal,Normal,77.5,45,2974.5769795167025,3961.5555555555557,8848108.207070708,3,764,11771,1,200
578,normal__2019-05-01_13:43_,aaaa::212:7408:8:808,Normal,Normal,69.5,61,2913.099913120924,4094.2131147540986,8486151.103825137,4,886,13769,4,200
579,normal__2019-05-01_13:43_,aaaa::212:7405:5:505,Normal,Normal,76.5,47,1930.6886974441227,2883.744680851064,3727558.846438483,3,674,8924,2,200
580,normal__2019-05-01_13:43_,aaaa::212:7409:9:909,Normal,Normal,90.0,20,1352.444142245711,1942.0,1829105.1578947369,3,601,5693,1,200
581,normal__2019-05-01_13:43_,aaaa::212:7404:4:404,Normal,Normal,84.0,32,1273.3479477219657,1480.1875,1621414.9959677418,2,284,6708,1,200
582,normal__2019-05-01_13:43_,aaaa::212:7402:2:202,Normal,Normal,78.0,44,1974.2556339389118,2452.25,3897685.3081395347,4,557,7717,4,200
583,normal__2019-05-01_13:43_,aaaa::212:7406:6:606,Normal,Normal,79.0,42,1862.948908088019,1663.0,3470578.6341463416,2,361,11150,2,200
584,normal__2019-05-01_13:43_,aaaa::212:740a:a:a0a,Normal,Normal,82.0,36,2884.335551115468,3486.8333333333335,8319391.571428572,4,851,12233,2,200
585,rnd__2019-05-01_01:07_,aaaa::212:7408:8:808,Normal,Normal,75.5,49,1673.3583611802862,2083.591836734694,2800128.204931973,2,445,7519,3,200
586,rnd__2019-05-01_01:07_,aaaa::212:7405:5:505,Normal,Normal,82.5,35,1354.5849046351973,2322.0285714285715,1834900.2638655468,2,600,7148,1,200
587,rnd__2019-05-01_01:07_,aaaa::212:740a:a:a0a,Normal,Normal,90.0,20,1179.3266812264665,1808.5,1390811.4210526317,2,460,5075,1,200
588,rnd__2019-05-01_01:07_,aaaa::212:7404:4:404,Normal,Normal,63.5,73,1290.7650214361893,1324.2739726027398,1666074.340563166,2,401,9943,1,200
589,rnd__2019-05-01_01:07_,aaaa::212:7402:2:202,Normal,Normal,87.5,25,1035.3304915178855,2229.32,1071909.2266666666,2,652,4950,1,200
590,rnd__2019-05-01_01:07_,aaaa::212:7407:7:707,Normal,Normal,35.5,129,770.3399110843836,820.9147286821706,593423.5786094961,1,140,4390,6,200
591,rnd__2019-05-01_01:07_,aaaa::212:7403:3:303,Normal,Normal,95.0,10,2658.6995568009056,3680.0,7068683.333333333,3,1640,9086,1,200
592,rnd__2019-05-01_01:07_,aaaa::212:7409:9:909,Normal,Normal,81.5,37,1102.4424201697746,1361.3513513513512,1215379.2897897898,1,280,4653,3,200
593,rnd__2019-05-01_01:07_,aaaa::212:7406:6:606,Normal,Normal,82.5,35,1612.5431425405714,2164.714285714286,2600295.386554621,2,499,7977,1,200
594,normal_2019-05-03_12:56_,aaaa::212:7403:3:303,Normal,Normal,77.0,46,1205.9974627640129,1718.8260869565217,1454429.8801932365,1,283,6672,1,200
595,normal_2019-05-03_12:56_,aaaa::212:7407:7:707,Normal,Normal,90.5,19,1391.0154101752537,3269.2631578947367,1934923.8713450292,3,906,6594,1,200
596,normal_2019-05-03_12:56_,aaaa::212:7402:2:202,Normal,Normal,92.5,15,742.7234824809105,1752.2,551638.1714285715,2,756,2659,0,200
597,normal_2019-05-03_12:56_,aaaa::212:7409:9:909,Normal,Normal,97.5,5,1201.9490421810735,3872.0,1444681.5,3,1227,5799,0,200
598,normal_2019-05-03_12:56_,aaaa::212:7408:8:808,Normal,Normal,93.5,13,3511.504880480878,5393.2307692307695,12330666.525641024,4,2145,15160,1,200
599,normal_2019-05-03_12:56_,aaaa::212:7406:6:606,Normal,Normal,83.0,34,2205.227587779489,2942.205882352941,4863028.713903744,2,661,10372,1,200
600,normal_2019-05-03_12:56_,aaaa::212:740a:a:a0a,Normal,Normal,96.5,7,1575.6028173671302,5508.285714285715,2482524.2380952383,4,1721,8781,1,200
601,normal_2019-05-03_12:56_,aaaa::212:7405:5:505,Normal,Normal,96.0,8,3526.6748807177723,5131.5,12437435.714285715,3,2349,12996,1,200
602,normal_2019-05-03_12:56_,aaaa::212:7404:4:404,Normal,Normal,90.5,19,1259.9646750826548,2556.7368421052633,1587510.9824561402,2,854,4910,0,200
603,1bh-5_2019-05-03_00:32_,aaaa::212:7402:2:202,Attacked,GH,56.00000000000001,88,882.0741097604657,1194.5227272727273,778054.735109718,2,273,5474,4,200
604,1bh-5_2019-05-03_00:32_,aaaa::212:7403:3:303,Attacked,GH,21.0,158,537.56006247597,588.2405063291139,288970.8207691688,1,135,3501,9,200
605,1bh-5_2019-05-03_00:32_,aaaa::212:7405:5:505,Attacked,GH,51.0,98,1190.1769613581757,2031.5408163265306,1416521.1993477806,3,545,7500,4,200
606,1bh-5_2019-05-03_00:32_,aaaa::212:7404:4:404,Attacked,GH,29.5,141,604.8434493962953,1203.2695035460993,365835.5982776089,2,401,3832,7,200
607,1bh-5_2019-05-03_00:32_,aaaa::212:7408:8:808,Attacked,GH,78.0,44,1123.7569152851354,1560.5,1262829.6046511629,4,679,4333,4,200
608,1bh-5_2019-05-03_00:32_,aaaa::212:7409:9:909,Attacked,GH,35.0,130,1019.6270061759425,1674.0923076923077,1039639.2317233154,3,558,6391,6,200
609,1bh-5_2019-05-03_00:32_,aaaa::212:740a:a:a0a,Attacked,GH,74.0,52,962.5950774767675,2162.673076923077,926589.283182504,4,871,6237,2,200
610,1bh-5_2019-05-03_00:32_,aaaa::212:7407:7:707,Attacked,GH,68.5,63,745.5687118200836,1303.3174603174602,555872.7040450589,3,407,3719,4,200
611,1bh-5_2019-05-03_00:32_,aaaa::212:7406:6:606,Attacked,GH,26.5,147,914.3443384662304,1141.6054421768708,836025.5692852484,2,260,4877,8,200
612,1bh-5_2019-05-03_00:48_,aaaa::212:7406:6:606,Attacked,GH,24.0,152,764.5230521126044,943.6973684210526,584495.497211572,2,309,3990,9,200
613,1bh-5_2019-05-03_00:48_,aaaa::212:7407:7:707,Attacked,GH,79.5,41,1024.0625689487683,1704.8292682926829,1048704.1451219511,3,601,4919,2,200
614,1bh-5_2019-05-03_00:48_,aaaa::212:7403:3:303,Attacked,GH,28.499999999999996,143,634.1597064934823,633.8741258741259,402158.5333398996,1,150,4627,7,200
615,1bh-5_2019-05-03_00:48_,aaaa::212:7402:2:202,Attacked,GH,33.0,134,783.1839225259915,1047.6492537313434,613377.0565031982,2,290,4342,10,200
616,1bh-5_2019-05-03_00:48_,aaaa::212:740a:a:a0a,Attacked,GH,85.0,30,1638.5775724449363,2474.4333333333334,2684936.4609195404,4,1043,8720,1,200
617,1bh-5_2019-05-03_00:48_,aaaa::212:7409:9:909,Attacked,GH,59.5,81,1151.0618520938303,1691.9876543209878,1324943.387345679,3,526,6216,5,200
618,1bh-5_2019-05-03_00:48_,aaaa::212:7405:5:505,Attacked,GH,51.0,98,843.2446689687174,1289.4795918367347,711061.5717441618,3,440,5367,5,200
619,1bh-5_2019-05-03_00:48_,aaaa::212:7404:4:404,Attacked,GH,59.5,81,595.0642402295739,1053.6666666666667,354101.45,2,310,2822,5,200
620,1bh-5_2019-05-03_00:48_,aaaa::212:7408:8:808,Attacked,GH,49.0,102,1156.163581689764,1529.9901960784314,1336714.2276257037,4,714,7865,4,200
621,prova_2019-05-03_01:07_,aaaa::212:740a:a:a0a,Normal,Normal,99.5,1,0.0,1.0,0.0,10,1,1,0,200
622,prova_2019-05-03_01:07_,aaaa::212:7403:3:303,Normal,Normal,99.5,1,0.0,1.0,0.0,10,1,1,0,200
623,prova_2019-05-03_01:07_,aaaa::212:7405:5:505,Normal,Normal,99.5,1,0.0,1.0,0.0,10,1,1,0,200
624,prova_2019-05-03_01:07_,aaaa::212:7404:4:404,Normal,Normal,99.5,1,0.0,1.0,0.0,10,1,1,0,200
625,prova_2019-05-03_01:07_,aaaa::212:7407:7:707,Normal,Normal,99.5,1,0.0,1.0,0.0,10,1,1,0,200
626,prova_2019-05-03_01:07_,aaaa::212:7402:2:202,Normal,Normal,99.5,1,0.0,1.0,0.0,10,1,1,0,200
627,prova_2019-05-03_01:07_,aaaa::212:7409:9:909,Normal,Normal,99.5,1,0.0,1.0,0.0,10,1,1,0,200
628,prova_2019-05-03_01:07_,aaaa::212:7406:6:606,Normal,Normal,99.5,1,0.0,1.0,0.0,10,1,1,0,200
629,prova_2019-05-03_01:07_,aaaa::212:7408:8:808,Normal,Normal,99.5,1,0.0,1.0,0.0,10,1,1,0,200
630,prova_2019-05-03_01:08_,aaaa::212:7405:5:505,Normal,Normal,81.5,37,520.6210241151914,734.8378378378378,271046.2507507507,1,212,2341,2,200
631,prova_2019-05-03_01:08_,aaaa::212:7403:3:303,Normal,Normal,99.5,1,0.0,1.0,0.0,10,1,1,0,200
632,prova_2019-05-03_01:08_,aaaa::212:7406:6:606,Normal,Normal,99.5,1,0.0,1.0,0.0,10,1,1,0,200
633,prova_2019-05-03_01:08_,aaaa::212:7407:7:707,Normal,Normal,99.5,1,0.0,1.0,0.0,10,1,1,0,200
634,prova_2019-05-03_01:08_,aaaa::212:7408:8:808,Normal,Normal,99.5,1,0.0,1.0,0.0,10,1,1,0,200
635,prova_2019-05-03_01:08_,aaaa::212:7409:9:909,Normal,Normal,94.0,12,447.5583168366967,710.5833333333334,200308.44696969696,1,228,1770,1,200
636,prova_2019-05-03_01:08_,aaaa::212:7402:2:202,Normal,Normal,99.5,1,0.0,1.0,0.0,10,1,1,0,200
637,prova_2019-05-03_01:08_,aaaa::212:7404:4:404,Normal,Normal,99.5,1,0.0,1.0,0.0,10,1,1,0,200
638,prova_2019-05-03_01:08_,aaaa::212:740a:a:a0a,Normal,Normal,99.5,1,0.0,1.0,0.0,10,1,1,0,200
639,prova_2019-05-03_12:39_,aaaa::212:740a:a:a0a,Normal,Normal,98.0,4,2460.7916578478016,4561.25,6055495.583333333,4,2707,8188,0,200
640,prova_2019-05-03_12:39_,aaaa::212:7406:6:606,Normal,Normal,93.0,14,1368.7784098110385,2229.214285714286,1873554.335164835,2,759,5907,1,200
641,prova_2019-05-03_12:39_,aaaa::212:7407:7:707,Normal,Normal,98.0,4,2813.22087057996,7119.5,7914211.666666667,3,3165,9673,0,200
642,prova_2019-05-03_12:39_,aaaa::212:7402:2:202,Normal,Normal,97.5,5,3416.1569489705826,2737.4,11670128.3,2,676,8677,0,200
643,prova_2019-05-03_12:39_,aaaa::212:7409:9:909,Normal,Normal,97.5,5,1665.3052873272215,3134.8,2773241.7,3,1564,5537,0,200
644,prova_2019-05-03_12:39_,aaaa::212:7403:3:303,Normal,Normal,95.0,10,1736.2287995665906,2001.0,3014490.4444444445,1,356,5993,1,200
645,prova_2019-05-03_12:39_,aaaa::212:7404:4:404,Normal,Normal,99.5,1,0.0,1.0,0.0,10,1,1,0,200
646,prova_2019-05-03_12:39_,aaaa::212:7408:8:808,Normal,Normal,99.5,1,0.0,1.0,0.0,10,1,1,0,200
647,prova_2019-05-03_12:39_,aaaa::212:7405:5:505,Normal,Normal,98.0,4,2067.0875445095853,5866.25,4272850.916666667,3,3804,8723,0,200
